[{"model": "planes.curator", "pk": 1, "fields": {"title": "\u0410\u0421\u0423"}}, {"model": "planes.curator", "pk": 2, "fields": {"title": "\u0410\u0422\u0426"}}, {"model": "planes.curator", "pk": 3, "fields": {"title": "\u0413\u041a\u0421"}}, {"model": "planes.curator", "pk": 4, "fields": {"title": "\u0413\u0420\u0421"}}, {"model": "planes.curator", "pk": 5, "fields": {"title": "\u041b\u042d\u0421"}}, {"model": "planes.curator", "pk": 6, "fields": {"title": "\u041c\u0438\u0418\u041a\u0413"}}, {"model": "planes.curator", "pk": 7, "fields": {"title": "\u0423\u041c\u0422\u0421"}}, {"model": "planes.curator", "pk": 8, "fields": {"title": "\u041e\u041a\u0417"}}, {"model": "planes.curator", "pk": 9, "fields": {"title": "\u041e\u0422\u0438\u041f\u0411"}}, {"model": "planes.curator", "pk": 10, "fields": {"title": "\u0420\u0421\u0423"}}, {"model": "planes.curator", "pk": 11, "fields": {"title": "\u0421\u0432\u044f\u0437\u044c"}}, {"model": "planes.curator", "pk": 12, "fields": {"title": "\u042d\u0412\u0421"}}, {"model": "planes.curator", "pk": 13, "fields": {"title": "\u0417\u0430\u0432\u0445\u043e\u0437"}}, {"model": "planes.curator", "pk": 14, "fields": {"title": "\u0417\u0434\u0440\u0430\u0432\u043f\u0443\u043d\u043a\u0442"}}, {"model": "planes.curator", "pk": 15, "fields": {"title": "ALL"}}, {"model": "planes.usertypes", "pk": 1, "fields": {"title": "\u0410\u0434\u043c\u0438\u043d\u0438\u0441\u0442\u0440\u0430\u0442\u043e\u0440"}}, {"model": "planes.usertypes", "pk": 2, "fields": {"title": "\u041a\u0443\u0440\u0430\u0442\u043e\u0440"}}, {"model": "planes.usertypes", "pk": 3, "fields": {"title": "\u0411\u041f\u0438\u042d\u0410"}}, {"model": "planes.usertypes", "pk": 4, "fields": {"title": "\u041f\u043e\u043b\u044c\u0437\u043e\u0432\u0430\u0442\u0435\u043b\u044c"}}, {"model": "planes.financecosts", "pk": 1, "fields": {"title": "\u0422\u041e\u0438\u0422\u0420"}}, {"model": "planes.financecosts", "pk": 2, "fields": {"title": "\u0414\u041e"}}, {"model": "planes.financecosts", "pk": 3, "fields": {"title": "\u0423\u0441\u043b\u0443\u0433\u0438"}}, {"model": "planes.financecosts", "pk": 4, "fields": {"title": "\u041a\u0420"}}, {"model": "planes.financecosts", "pk": 5, "fields": {"title": "\u041c\u0422\u0420 \u0434\u043b\u044f \u041a\u0420"}}, {"model": "planes.purchasetype", "pk": 1, "fields": {"title": "\u041a\u043e\u043d\u043a\u0443\u0440\u0435\u043d\u0442\u043d\u0430\u044f"}}, {"model": "planes.purchasetype", "pk": 2, "fields": {"title": "\u041d\u0435\u043a\u043e\u043d\u043a\u0443\u0440\u0435\u043d\u0442\u043d\u0430\u044f(\u0415\u041f)"}}, {"model": "planes.purchasetype", "pk": 3, "fields": {"title": "\u0411\u0435\u0437\u0430\u043b\u044c\u0442\u0435\u0440\u043d\u0430\u0442\u0438\u0432\u043d\u044b\u0439 \u043f\u043e\u0441\u0442\u0430\u0432\u0449\u0438\u043a"}}, {"model": "planes.activityform", "pk": 1, "fields": {"title": "\u0422\u041e\u0438\u0420 \u0421\u041a\u0421"}}, {"model": "planes.activityform", "pk": 2, "fields": {"title": "\u0422\u0420 \u0432\u0441\u043f\u043e\u043c\u043e\u0433\u0430\u0442\u0435\u043b\u044c\u043d\u043e\u0433\u043e \u043e\u0431\u043e\u0440\u0443\u0434\u043e\u0432\u0430\u043d\u0438\u044f"}}, {"model": "planes.activityform", "pk": 3, "fields": {"title": "\u0422\u041e\u0438\u0420 \u043a\u0440\u0430\u043d\u043e\u0432 \u041c\u043e\u043a\u0432\u0435\u043b\u0434"}}, {"model": "planes.activityform", "pk": 4, "fields": {"title": "\u0420\u0435\u043c\u043e\u043d\u0442 \u0441\u0440\u0435\u0434\u0441\u0442\u0432 \u0430\u0432\u0442\u043e\u043c\u0430\u0442\u0438\u0437\u0430\u0446\u0438\u0438"}}, {"model": "planes.activityform", "pk": 5, "fields": {"title": "\u0422\u041e \u0438 \u0422\u0420 \u0413\u0420\u0421"}}, {"model": "planes.activityform", "pk": 6, "fields": {"title": "\u0422\u0420 \u0441\u0440\u0435\u0434\u0441\u0442\u0432 \u0432\u044b\u0447\u0438\u0441\u043b\u0438\u0442\u0435\u043b\u044c\u043d\u043e\u0439 \u0438 \u043e\u0440\u0433\u0442\u0435\u0445\u043d\u0438\u043a\u0438"}}, {"model": "planes.activityform", "pk": 7, "fields": {"title": "\u0422\u041e\u0438\u0420 \u043e\u0431\u043e\u0440\u0443\u0434\u043e\u0432\u0430\u043d\u0438\u044f \u0441\u0432\u0430\u0440\u043e\u0447\u043d\u043e\u0433\u043e \u0438 \u0432\u0441\u043f\u043e\u043c\u043e\u0433"}}, {"model": "planes.activityform", "pk": 8, "fields": {"title": "\u0422\u0435\u043a\u0443\u0449\u0438\u0439 \u0440\u0435\u043c\u043e\u043d\u0442 \u0437\u0434\u0430\u043d\u0438\u0439 \u0438 \u0441\u043e\u043e\u0440\u0443\u0436\u0435\u043d\u0438\u0439"}}, {"model": "planes.activityform", "pk": 9, "fields": {"title": "\u0420\u0435\u043c\u043e\u043d\u0442 \u0434\u043e\u0440\u043e\u0433 \u043f\u0440\u043e\u0435\u0437\u0434\u043e\u0432 \u043f\u043b\u043e\u0449\u0430\u0434\u043e\u043a"}}, {"model": "planes.activityform", "pk": 10, "fields": {"title": "\u0422\u041e \u0438 \u0422\u0420 \u0418\u0422\u0421\u041e"}}, {"model": "planes.activityform", "pk": 11, "fields": {"title": "\u0420\u0435\u043c\u043e\u043d\u0442 \u0441\u0440\u0435\u0434\u0441\u0442\u0432 \u043c\u0430\u043b\u043e\u0439 \u043c\u0435\u0445\u0430\u043d\u0438\u0437\u0430\u0446\u0438\u0438"}}, {"model": "planes.activityform", "pk": 12, "fields": {"title": "\u0420\u0435\u043c\u043e\u043d\u0442 \u043e\u0431\u043e\u0437\u043d\u0430\u0447\u0435\u043d\u0438\u0439 \u0442\u0440\u0430\u0441\u0441\u044b \u0433\u0430\u0437\u043e\u043f\u0440\u043e\u0432\u043e\u0434\u0430"}}, {"model": "planes.activityform", "pk": 13, "fields": {"title": "\u0420\u0435\u043c\u043e\u043d\u0442 \u043a\u0440\u0430\u043d\u043e\u0432\u044b\u0445 \u043f\u043b\u043e\u0449\u0430\u0434\u043e"}}, {"model": "planes.activityform", "pk": 14, "fields": {"title": "\u0420\u0430\u0441\u0447\u0438\u0441\u0442\u043a\u0430 \u0442\u0440\u0430\u0441\u0441\u044b \u0433\u0430\u0437\u043e\u043f\u0440\u043e\u0432\u043e\u0434\u0430"}}, {"model": "planes.activityform", "pk": 15, "fields": {"title": "\u0412\u043e\u0441\u0441\u0442\u0430\u043d\u043e\u0432\u043b.\u043f\u0440\u043e\u0435\u043a\u0442\u043d\u043e\u0439 \u0433\u043b\u0443\u0431\u0438\u043d\u044b \u0437\u0430\u043b\u0435\u0433\u0430\u043d\u0438\u044f"}}, {"model": "planes.activityform", "pk": 16, "fields": {"title": "\u0420\u0435\u043c\u043e\u043d\u0442 \u0441\u0440\u0435\u0434\u0441\u0442\u0432 \u0438\u0437\u043c\u0435\u0440\u0435\u043d\u0438\u0439"}}, {"model": "planes.activityform", "pk": 17, "fields": {"title": "\u0422\u041e, \u043a\u043e\u043d\u0442\u0440\u043e\u043b\u044c \u0438 \u043f\u043e\u0434\u0442\u0432\u0435\u0440\u0436\u0434\u0435\u043d\u0438\u0435 \u041c\u0425 \u0421\u0418"}}, {"model": "planes.activityform", "pk": 18, "fields": {"title": "\u0422\u041e\u0438\u0420  \u043e\u0431\u043e\u0440\u0443\u0434\u043e\u0432\u0430\u043d\u0438\u044f \u0441\u0432\u044f\u0437\u0438"}}, {"model": "planes.activityform", "pk": 19, "fields": {"title": "\u0420\u0435\u043c\u043e\u043d\u0442 \u042d\u041f\u0423\u0421"}}, {"model": "planes.activityform", "pk": 20, "fields": {"title": "\u0420\u0435\u043c\u043e\u043d\u0442 \u043b\u0438\u043d\u0438\u0439 \u0441\u0432\u044f\u0437\u0438"}}, {"model": "planes.activityform", "pk": 21, "fields": {"title": "\u0420\u0435\u043c\u043e\u043d\u0442 \u0441\u043e\u043e\u0440\u0443\u0436\u0435\u043d\u0438\u0439 \u0441\u0432\u044f\u0437\u0438"}}, {"model": "planes.activityform", "pk": 22, "fields": {"title": "\u0422\u041e \u0441\u0438\u0441\u0442\u0435\u043c \u043e\u0447\u0438\u0441\u0442\u043a\u0438 \u0432\u043e\u0434\u044b"}}, {"model": "planes.activityform", "pk": 23, "fields": {"title": "\u0422\u041e \u0441\u0438\u0441\u0442\u0435\u043c  \u043a\u043e\u043d\u0434\u0438\u0446\u0438\u043e\u043d\u0438\u0440\u043e\u0432\u0430\u043d\u0438\u044f"}}, {"model": "planes.activityform", "pk": 24, "fields": {"title": "\u0422\u041e \u043e\u0431\u043e\u0440\u0443\u0434\u043e\u0432\u0430\u043d\u0438\u044f \u043c\u0438\u043d\u0438 - \u043a\u043e\u0442\u0435\u043b\u044c\u043d\u043e\u0439"}}, {"model": "planes.activityform", "pk": 25, "fields": {"title": "\u0422\u041e \u043e\u0431\u043e\u0440\u0443\u0434\u043e\u0432\u0430\u043d\u0438\u044f \u043a\u043e\u0442\u0435\u043b\u044c\u043d\u043e\u0439"}}, {"model": "planes.activityform", "pk": 26, "fields": {"title": "\u0422\u041e \u0418\u0411\u041f"}}, {"model": "planes.activityform", "pk": 27, "fields": {"title": "\u0422\u041e \u0410\u0421\u041a\u0423\u042d"}}, {"model": "planes.activityform", "pk": 28, "fields": {"title": "\u0422\u041e \u0410\u0414\u042d\u0421"}}, {"model": "planes.activityform", "pk": 29, "fields": {"title": "\u0420\u041d\u0418 \u043a\u043e\u0442\u043b\u043e"}}, {"model": "planes.activityform", "pk": 30, "fields": {"title": "\u041f\u0435\u0440\u0435\u043a\u043b\u044e\u0447\u0435\u043d\u0438\u044f \u0432 \u044d\u043b\u0435\u043a\u0442\u0440\u043e\u0443\u0441\u0442\u0430\u043d\u043e\u0432\u043a\u0430"}}, {"model": "planes.activityform", "pk": 31, "fields": {"title": "\u041c\u0435\u0442\u0440\u043e\u043b.\u043e\u0431\u0441\u043b.\u043f\u0440\u0438\u0431\u043e\u0440\u043e\u0432 \u0443\u0447\u0435\u0442\u0430 \u044d\u043b.\u044d\u043d\u0435\u0440\u0433\u0438\u0438"}}, {"model": "planes.activityform", "pk": 32, "fields": {"title": "\u0420\u0435\u043c\u043e\u043d\u0442 \u044d\u043b\u0435\u043a\u0442\u0440\u043e\u0438\u043d\u0441\u0442\u0440\u0443\u043c\u0435\u043d\u0442\u0430"}}, {"model": "planes.activityform", "pk": 33, "fields": {"title": "\u0420\u0435\u043c\u043e\u043d\u0442 \u0441\u0438\u0441\u0442\u0435\u043c \u044d\u043b\u0435\u043a\u0442\u0440\u043e\u0441\u043d\u0430\u0431\u0436\u0435\u043d\u0438\u044f"}}, {"model": "planes.activityform", "pk": 34, "fields": {"title": "\u0420\u0435\u043c\u043e\u043d\u0442 \u0441\u0438\u0441\u0442\u0435\u043c \u0442\u0435\u043f\u043b\u043e\u0441\u043d\u0430\u0431\u0436\u0435\u043d\u0438\u044f"}}, {"model": "planes.activityform", "pk": 35, "fields": {"title": "\u0420\u0435\u043c\u043e\u043d\u0442 \u0441\u0438\u0441\u0442\u0435\u043c \u043e\u0441\u0432\u0435\u0449\u0435\u043d\u0438\u044f"}}, {"model": "planes.activityform", "pk": 36, "fields": {"title": "\u0420\u0435\u043c\u043e\u043d\u0442 \u0441\u0438\u0441\u0442\u0435\u043c \u043a\u043e\u043d\u0434\u0438\u0446\u0438\u043e\u043d\u0438\u0440\u043e\u0432\u0430\u043d\u0438\u044f"}}, {"model": "planes.activityform", "pk": 37, "fields": {"title": "\u0420\u0435\u043c\u043e\u043d\u0442 \u0441\u0438\u0441\u0442\u0435\u043c \u0432\u0435\u043d\u0442\u0438\u043b\u044f\u0446\u0438\u0438"}}, {"model": "planes.activityform", "pk": 38, "fields": {"title": "\u0420\u0435\u043c\u043e\u043d\u0442 \u0441\u0438\u0441\u0442\u0435\u043c \u0432\u043e\u0434\u043e\u0441\u043d\u0430\u0431\u0436\u0435\u043d\u0438\u044f"}}, {"model": "planes.activityform", "pk": 39, "fields": {"title": "\u0420\u0435\u043c\u043e\u043d\u0442 \u043a\u0430\u0431\u0435\u043b\u044c\u043d\u043e\u0439 \u043b\u0438\u043d\u0438\u0438"}}, {"model": "planes.activityform", "pk": 40, "fields": {"title": "\u0420\u0435\u043c\u043e\u043d\u0442 \u0438\u0441\u0442\u043e\u0447\u043d\u0438\u043a\u043e\u0432 \u0431\u0435\u0441\u043f\u0435\u0440\u0435\u0431\u043e\u0439\u043d\u043e\u0433\u043e \u043f\u0438\u0442\u0430\u043d\u0438\u044f"}}, {"model": "planes.activityform", "pk": 41, "fields": {"title": "\u0422\u041e \u0438 \u0422\u0420 \u043f\u043e\u0434\u0432\u043e\u0434\u043d\u044b\u0445 \u043f\u0435\u0440\u0435\u0445\u043e\u0434\u043e\u0432"}}, {"model": "planes.activityform", "pk": 42, "fields": {"title": "\u0420\u0435\u043c\u043e\u043d\u0442 \u0423\u041a\u0417"}}, {"model": "planes.activityform", "pk": 43, "fields": {"title": "\u0420\u0435\u043c\u043e\u043d\u0442 \u041b\u041a\u041f"}}, {"model": "planes.activityform", "pk": 44, "fields": {"title": "\u0420\u0435\u043c\u043e\u043d\u0442 \u0418\u041f"}}, {"model": "planes.activityform", "pk": 45, "fields": {"title": "\u0422\u041e \u0438 \u0422\u0420 \u0442\u0440\u0430\u043d\u0441\u043f\u043e\u0440\u0442\u043d\u044b\u0445 \u0441\u0440\u0435\u0434\u0441\u0442\u0432 \u0438 \u0441\u043f\u0435\u0446\u0442\u0435\u0445\u043d\u0438\u043a\u0438"}}, {"model": "planes.activityform", "pk": 46, "fields": {"title": "\u0422\u041e\u0438\u0420 \u0410\u0417\u0421"}}, {"model": "planes.activityform", "pk": 47, "fields": {"title": "\u0420\u0435\u043c\u043e\u043d\u0442 \u0422\u0421"}}, {"model": "planes.activityform", "pk": 48, "fields": {"title": "\u0420\u0435\u043c\u043e\u043d\u0442 \u0441\u0442\u0430\u043d\u043a\u043e\u0432 \u0438 \u0433\u0430\u0440\u0430\u0436\u043d\u043e\u0433\u043e \u043e\u0431\u043e\u0440\u0443\u0434\u043e\u0432\u0430\u043d\u0438\u044f"}}, {"model": "planes.activityform", "pk": 49, "fields": {"title": "\u0420\u0435\u043c\u043e\u043d\u0442 \u0414\u0421\u0422"}}, {"model": "planes.activityform", "pk": 50, "fields": {"title": "\u0412\u043d\u0443\u0442\u0440\u0438\u0442\u0440\u0443\u0431\u043d\u0430\u044f \u0434\u0435\u0444\u0435\u043a\u0442\u043e\u0441\u043a\u043e\u043f\u0438\u044f \u041b\u0427 \u041c\u0413"}}, {"model": "planes.activityform", "pk": 51, "fields": {"title": "\u0414\u041e \u0441\u0440\u0435\u0434\u0441\u0442\u0432 \u0441\u0432\u044f\u0437\u0438"}}, {"model": "planes.activityform", "pk": 52, "fields": {"title": "\u0414\u0440\u0443\u0433\u0438\u0435 \u0432\u0438\u0434\u044b \u043e\u0431\u0441\u043b\u0435\u0434\u043e\u0432\u0430\u043d\u0438\u0439 \u041b\u0427 \u041c\u0413"}}, {"model": "planes.activityform", "pk": 53, "fields": {"title": "\u0412\u0435\u0440\u0442\u043e\u043b\u0451\u0442\u043d\u043e\u0435 \u043e\u0431\u0441\u043b\u0435\u0434\u043e\u0432\u0430\u043d\u0438\u0435 \u0433\u0430\u0437\u043e\u043f\u0440\u043e\u0432\u043e\u0434\u043e\u0432"}}, {"model": "planes.activityform", "pk": 54, "fields": {"title": "\u0414\u041e \u043f\u043e\u0434\u0432\u043e\u0434\u043d\u044b\u0445 \u043f\u0435\u0440\u0435\u0445\u043e\u0434\u043e\u0432"}}, {"model": "planes.activityform", "pk": 55, "fields": {"title": "\u0414\u041e \u0433\u0430\u0437\u043e\u0432\u043e\u0433\u043e \u043e\u0431\u043e\u0440\u0443\u0434\u043e\u0432\u0430\u043d\u0438\u044f \u0413\u0420\u0421 \u0441 \u0446\u0435\u043b\u044c\u044e \u041f\u041d\u0421\u0421"}}, {"model": "planes.activityform", "pk": 56, "fields": {"title": "\u0414\u041e \u0435\u043c\u043a\u043e\u0441\u0442\u0435\u0439 \u043e\u0434\u043e\u0440\u0430\u043d\u0442\u0430 \u0441 \u0446\u0435\u043b\u044c\u044e \u041f\u041d\u0421\u0421"}}, {"model": "planes.activityform", "pk": 57, "fields": {"title": "\u0414\u041e \u041f\u0413 \u0441 \u0446\u0435\u043b\u044c\u044e \u041f\u041d\u0421\u0421"}}, {"model": "planes.activityform", "pk": 58, "fields": {"title": "\u0414\u041e \u0421\u0420\u041f\u0414 \u0441 \u0446\u0435\u043b\u044c\u044e \u041f\u041d\u0421\u0421"}}, {"model": "planes.activityform", "pk": 59, "fields": {"title": "\u041a\u041f\u041e \u0440\u0430\u0441\u043f\u0440\u0435\u0434\u0435\u043b\u0438\u0442\u0435\u043b\u044c\u043d\u044b\u0445 \u0441\u0435\u0442\u0435\u0439"}}, {"model": "planes.activityform", "pk": 60, "fields": {"title": "\u0422\u0435\u0445\u043d\u0438\u0447\u0435\u0441\u043a\u043e\u0435 \u043e\u0441\u0432\u0438\u0434\u0435\u0442\u0435\u043b\u044c\u0441\u0442\u0432\u043e\u0432\u0430\u043d\u0438\u0435 \u0435\u043c\u043a\u043e\u0441\u0442\u0435\u0439 \u043e\u0434\u043e\u0440\u0430\u043d\u0442\u0430"}}, {"model": "planes.activityform", "pk": 61, "fields": {"title": "\u0422\u0435\u0445\u043d\u0438\u0447\u0435\u0441\u043a\u043e\u0435 \u043e\u0441\u0432\u0438\u0434\u0435\u0442\u0435\u043b\u044c\u0441\u0442\u0432\u043e\u0432\u0430\u043d\u0438\u0435 \u0421\u0420\u041f\u0414 \u0413\u0420\u0421"}}, {"model": "planes.activityform", "pk": 62, "fields": {"title": "\u0422\u0435\u0445\u043d\u0438\u0447\u0435\u0441\u043a\u043e\u0435 \u0434\u0438\u0430\u0433\u043d\u043e\u0441\u0442\u0438\u0440\u043e\u0432\u0430\u043d\u0438\u0435 \u0423\u0421\u0411"}}, {"model": "planes.activityform", "pk": 63, "fields": {"title": "\u042d\u041f\u0411 \u0441\u043e\u0441\u0443\u0434\u043e\u0432, \u0440\u0430\u0431\u043e\u0442\u0430\u044e\u0449\u0438\u0445 \u043f\u043e\u0434 \u0434\u0430\u0432\u043b\u0435\u043d\u0438\u0435\u043c"}}, {"model": "planes.activityform", "pk": 64, "fields": {"title": "\u041e\u0431\u0441\u043b\u0435\u0434\u043e\u0432\u0430\u043d\u0438\u0435 \u043a\u0430\u043c\u0435\u0440 \u0437\u0430\u043f\u0443\u0441\u043a\u0430 \u0438 \u043f\u0440\u0438\u0451\u043c\u0430 \u0412\u0422\u0423"}}, {"model": "planes.activityform", "pk": 65, "fields": {"title": "\u041a\u043e\u0440\u0440\u043e\u0437\u0438\u043e\u043d\u043d\u043e\u0435 \u043e\u0431\u0441\u043b\u0435\u0434\u043e\u0432\u0430\u043d\u0438\u0435"}}, {"model": "planes.activityform", "pk": 66, "fields": {"title": "\u0412\u043d\u0443\u0442\u0440\u0438\u0442\u0440\u0443\u0431\u043d\u0430\u044f \u0434\u0438\u0430\u0433\u043d\u043e\u0441\u0442\u0438\u043a\u0430 \u0442\u0435\u0445\u043d\u043e\u043b\u043e\u0433\u0438\u0447\u0435\u0441\u043a\u0438\u0445 \u043a\u043e\u043c\u043c\u0443\u043d\u0438\u043a\u0430\u0446\u0438\u0439  \u041a"}}, {"model": "planes.activityform", "pk": 67, "fields": {"title": "\u0414\u041e \u0410\u0421\u0423\u0422\u041f"}}, {"model": "planes.activityform", "pk": 68, "fields": {"title": "\u0414\u041e \u0441\u0440\u0435\u0434\u0441\u0442\u0432 \u0441\u0432\u044f\u0437\u0438"}}, {"model": "planes.activityform", "pk": 69, "fields": {"title": "\u0414\u041e \u043c\u0435\u0442\u0440\u043e\u043b\u043e\u0433\u0438\u0447\u0435\u0441\u043a\u043e\u0433\u043e  \u043e\u0431\u043e\u0440\u0443\u0434\u043e\u0432\u0430\u043d\u0438\u044f"}}, {"model": "planes.activityform", "pk": 70, "fields": {"title": "\u0414\u041e \u0410\u0413\u041d\u041a\u0421"}}, {"model": "planes.activityform", "pk": 71, "fields": {"title": "\u0422\u0435\u0445\u043d\u0438\u0447\u0435\u0441\u043a\u043e\u0435 \u0434\u0438\u0430\u0433\u043d\u043e\u0441\u0442\u0438\u0440\u043e\u0432\u0430\u043d\u0438\u0435 \u0421\u0420\u043f\u0414 \u0410\u0413\u041d\u041a\u0421"}}, {"model": "planes.activityform", "pk": 72, "fields": {"title": "\u0414\u041e \u0441\u0438\u0441\u0442\u0435\u043c\u044b \u043c\u043e\u043b\u043d\u0438\u0435\u0437\u0430\u0449\u0438\u0442\u044b"}}, {"model": "planes.activityform", "pk": 73, "fields": {"title": "\u041f\u0440\u043e\u0447\u0435\u0435 \u0414\u041e"}}, {"model": "planes.activityform", "pk": 74, "fields": {"title": "\u0414\u041e \u0433\u0440\u0443\u0437\u043e\u043f\u043e\u0434\u044a\u0435\u043c\u043d\u044b\u0445 \u043c\u0435\u0445\u0430\u043d\u0438\u0437\u043c\u043e\u0432"}}, {"model": "planes.activityform", "pk": 75, "fields": {"title": "\u041a\u043e\u043d\u0442\u0440\u043e\u043b\u044c \u043a\u0430\u0447 - \u0432\u0430 \u0441\u0432\u0430\u0440\u043d\u044b\u0445 \u0448\u0432\u043e\u0432 \u0438 \u043c\u0435\u0442\u0430\u043b\u043b\u0430"}}, {"model": "planes.activityform", "pk": 76, "fields": {"title": "\u041e\u0431\u0441\u043b\u0435\u0434\u043e\u0432\u0430\u043d\u0438\u0435 \u0437\u0434\u0430\u043d\u0438\u0439 \u0438 \u0441\u043e\u043e\u0440\u0443\u0436\u0435\u043d\u0438\u0439"}}, {"model": "planes.activityform", "pk": 77, "fields": {"title": "\u041f\u0440\u043e\u0447\u0435\u0435 \u0414\u041e"}}, {"model": "planes.stateasez", "pk": 1, "fields": {"title": "\u041f\u043e\u0434\u0433\u043e\u0442\u043e\u0432\u043a\u0430 \u0434\u043e\u043a\u0443\u043c\u0435\u043d\u0442\u043e\u0432"}}, {"model": "planes.stateasez", "pk": 2, "fields": {"title": "\u0421\u0444\u043e\u0440\u043c\u0438\u0440\u043e\u0432\u0430\u043d\u043e"}}, {"model": "planes.stateasez", "pk": 3, "fields": {"title": "\u041d\u0430 \u043a\u043e\u043d\u0442\u0440\u043e\u043b\u0435 \u0414\u0423\u041a\u0417"}}, {"model": "planes.stateasez", "pk": 4, "fields": {"title": "\u041d\u0430 \u0441\u043e\u0433\u043b\u0430\u0441\u043e\u0432\u0430\u043d\u0438\u0438 \u0446\u0435\u043d\u044b"}}, {"model": "planes.stateasez", "pk": 5, "fields": {"title": "\u041d\u0430 \u0443\u0442\u0432\u0435\u0440\u0436\u0434\u0435\u043d\u0438\u0438"}}, {"model": "planes.stateasez", "pk": 6, "fields": {"title": "\u0423\u0442\u0432\u0435\u0440\u0436\u0434\u0435\u043d\u043e"}}, {"model": "planes.numberpztru", "pk": 1, "fields": {"title": "16.1.1"}}, {"model": "planes.numberpztru", "pk": 2, "fields": {"title": "16.1.2"}}, {"model": "planes.numberpztru", "pk": 3, "fields": {"title": "16.1.3"}}, {"model": "planes.numberpztru", "pk": 4, "fields": {"title": "16.1.4"}}, {"model": "planes.numberpztru", "pk": 5, "fields": {"title": "17.1.11"}}, {"model": "planes.numberpztru", "pk": 6, "fields": {"title": "17.1.19"}}, {"model": "planes.numberpztru", "pk": 7, "fields": {"title": "17.1.26"}}, {"model": "planes.numberpztru", "pk": 8, "fields": {"title": "17.1.30"}}, {"model": "planes.numberpztru", "pk": 9, "fields": {"title": "17.1.9"}}, {"model": "planes.contractstatus", "pk": 1, "fields": {"title": "\u0417\u0430\u043f\u043b\u0430\u043d\u0438\u0440\u043e\u0432\u0430\u043d"}}, {"model": "planes.contractstatus", "pk": 2, "fields": {"title": "\u0417\u0430\u043a\u043b\u044e\u0447\u0435\u043d"}}, {"model": "planes.contractstatus", "pk": 3, "fields": {"title": "\u0418\u0441\u043f\u043e\u043b\u043d\u0435\u043d"}}, {"model": "planes.contractstatus", "pk": 4, "fields": {"title": "\u0420\u0430\u0441\u0442\u043e\u0440\u0433\u043d\u0443\u0442"}}, {"model": "planes.currency", "pk": 1, "fields": {"title": "BYN"}}, {"model": "planes.currency", "pk": 2, "fields": {"title": "RUR"}}, {"model": "planes.currency", "pk": 3, "fields": {"title": "EUR"}}, {"model": "planes.currency", "pk": 4, "fields": {"title": "USD"}}, {"model": "planes.contracttype", "pk": 1, "fields": {"title": "\u0426\u0435\u043d\u0442\u0440"}}, {"model": "planes.contracttype", "pk": 2, "fields": {"title": "\u0424\u0438\u043b\u0438\u0430\u043b"}}, {"model": "planes.contractmode", "pk": 1, "fields": {"title": "\u041e\u0441\u043d\u043e\u0432\u043d\u043e\u0439"}}, {"model": "planes.contractmode", "pk": 2, "fields": {"title": "\u0414\u043e\u043f\u0441\u043e\u0433\u043b\u0430\u0448\u0435\u043d\u0438\u0435"}}, {"model": "planes.counterpart", "pk": 1, "fields": {"name": "\u041e\u041e\u041e \"\u0411\u0435\u043b\u043f\u0440\u043e\u043c\u0438\u0437\u043e\u043b\u044f\u0446\u0438\u044f\"", "email": "", "reg_addr": "", "UNP": "", "phone": ""}}, {"model": "planes.counterpart", "pk": 2, "fields": {"name": "\u0424\u0422\u0418 \"\u041d\u0410\u041d \u0411\u0435\u043b\u0430\u0440\u0443\u0441\u044c\"", "email": "", "reg_addr": "", "UNP": "", "phone": ""}}, {"model": "planes.counterpart", "pk": 3, "fields": {"name": "\u041e\u041e\u041e \"\u0421\u041e\u041b\u042e\u0422\u0415\u0425 \u041f\u0420\u041e\"", "email": "", "reg_addr": "", "UNP": "", "phone": ""}}, {"model": "planes.counterpart", "pk": 4, "fields": {"name": "\u041e\u041e\u041e \"\u041d\u041f\u0426 \u0412\u0422\u0414\"", "email": "", "reg_addr": "", "UNP": "", "phone": ""}}, {"model": "planes.counterpart", "pk": 5, "fields": {"name": "\u041e\u0410\u041e \"\u0422\u0440\u0435\u0441\u0442 \u0411\u0435\u043b\u043f\u0440\u043e\u043c\u043d\u0430\u043b\u0430\u0434\u043a\u0430\"", "email": "", "reg_addr": "", "UNP": "", "phone": ""}}, {"model": "planes.counterpart", "pk": 6, "fields": {"name": "\u041f\u0427\u0423\u041f \"\u0418\u043d\u0442\u0435\u0440\u043a\u0430\u0440\u0442\u043e\"", "email": "", "reg_addr": "", "UNP": "", "phone": ""}}, {"model": "planes.counterpart", "pk": 7, "fields": {"name": "\u041e\u041e\u041e \"\u0410\u043a\u0441\u0438\u043e\u043c\u0430\"", "email": "", "reg_addr": "", "UNP": "", "phone": ""}}, {"model": "planes.counterpart", "pk": 8, "fields": {"name": "\u041e\u041e\u041e \"\u0411\u0430\u0439\u0422\u0435\u0445\u0421\u0435\u0440\u0432\u0438\u0441\"", "email": "", "reg_addr": "", "UNP": "", "phone": ""}}, {"model": "planes.counterpart", "pk": 9, "fields": {"name": "\u041e\u0414\u041e \"\u041d\u0422\u0421\"", "email": "", "reg_addr": "", "UNP": "", "phone": ""}}, {"model": "planes.counterpart", "pk": 10, "fields": {"name": "\u0423\u041f \"\u0422\u0435\u043a\u043e\u043c\u0441\"", "email": "", "reg_addr": "", "UNP": "", "phone": ""}}, {"model": "planes.counterpart", "pk": 11, "fields": {"name": "\u041e\u0414\u041e \"\u041d\u0422\u0421\"", "email": "", "reg_addr": "", "UNP": "", "phone": ""}}, {"model": "planes.counterpart", "pk": 12, "fields": {"name": "\u041e\u041e\u041e \"\u041c\u0435\u0433\u0430\u0441\u0435\u0440\u0432\u0438\u0441- \u0410\u0432\u0442\u043e\"", "email": "", "reg_addr": "", "UNP": "", "phone": ""}}, {"model": "planes.counterpart", "pk": 13, "fields": {"name": "\u041d\u043e\u043a\u0441 \u0430\u0432\u0442\u043e", "email": "", "reg_addr": "", "UNP": "", "phone": ""}}, {"model": "planes.counterpart", "pk": 14, "fields": {"name": "\u0427\u0423\u041f \"\u041f\u0440\u043e\u043c\u0430\u0432\u0442\u043e\u0442\u0435\u0445\u0446\u0435\u043d\u0442\u0440\"", "email": "", "reg_addr": "", "UNP": "", "phone": ""}}, {"model": "planes.counterpart", "pk": 15, "fields": {"name": "\u0427\u0422\u041f\u0423\u041f \"\u0414\u0438\u0451\u043d\u0430\u0442 \u0421\u0412\"", "email": "", "reg_addr": "", "UNP": "", "phone": ""}}, {"model": "planes.counterpart", "pk": 16, "fields": {"name": "\u0427\u0421\u0423\u041f \"\u0413\u043e\u043c\u0435\u043b\u044c_\u0414\u0438\u0437\u0435\u043b\u044c-\u0421\u0435\u0440\u0432\u0438\u0441\"", "email": "", "reg_addr": "", "UNP": "", "phone": ""}}, {"model": "planes.counterpart", "pk": 17, "fields": {"name": "\u0413\u041f \"\u0413\u043e\u043c\u0435\u043b\u044c\u0441\u043a\u0438\u0439 \u0426\u0421\u041c\u0421\"", "email": "", "reg_addr": "", "UNP": "", "phone": ""}}, {"model": "planes.counterpart", "pk": 18, "fields": {"name": "\u0420\u0430\u043e \u0441\u0435\u0440\u0432\u0438\u0441", "email": "", "reg_addr": "", "UNP": "", "phone": ""}}, {"model": "planes.counterpart", "pk": 19, "fields": {"name": "\u041f\u0427\u0423\u041f \"\u0418\u043d\u0442\u0435\u0440\u043a\u0430\u0440\u0442\u043e\"", "email": "", "reg_addr": "", "UNP": "", "phone": ""}}, {"model": "planes.counterpart", "pk": 20, "fields": {"name": "\u041e\u041e\u041e \"\u0411\u0435\u043b\u0441\u0442\u0440\u043e\u0439\u0440\u0435\u043c\u043d\u0430\u043b\u0430\u0434\u043a\u0430\"", "email": "", "reg_addr": "", "UNP": "", "phone": ""}}, {"model": "planes.counterpart", "pk": 21, "fields": {"name": "\u041e\u041e\u041e \"\u0414\u0438\u0432\u0438\u0442\u0435\u0445\"", "email": "", "reg_addr": "", "UNP": "", "phone": ""}}, {"model": "planes.counterpart", "pk": 22, "fields": {"name": "\u041e\u0410\u041e \u0413\u0417 \u041a\u043e\u043c\u043c\u0443\u043d\u0430\u043b\u044c\u043d\u0438\u043a", "email": "", "reg_addr": "", "UNP": "", "phone": ""}}, {"model": "planes.counterpart", "pk": 23, "fields": {"name": "\u0420\u0423\u041f \"\u0411\u0435\u043b\u0413\u0418\u041c\"", "email": "", "reg_addr": "", "UNP": "", "phone": ""}}, {"model": "planes.counterpart", "pk": 24, "fields": {"name": "\u0413\u0423 \"\u0420\u0426 \u043f\u043e \u0433\u0438\u0434\u0440\u043e\u043c\u0435\u0442\u0435\u043e\u0440\u043e\u043b\u043e\u0433\u0438\u0438, \u043a\u043e\u043d\u0442\u0440\u043e\u043b\u044e \u0440\u0430\u0434\u0438\u043e\u0430\u043a\u0442\u0438\u0432\u043d\u043e\u0433\u043e \u0437\u0430\u0433\u0440\u0430\u0437\u043d\u0435\u043d\u0438\u044f \u0438 \u043c\u043e\u043d\u0438\u0442\u043e\u0440\u0438\u043d\u0433\u0443 \u043e\u043a\u0440\u0443\u0436\u0430\u044e\u0449\u0435\u0439 \u0441\u0440\u0435\u0434\u044b\"", "email": "", "reg_addr": "", "UNP": "", "phone": ""}}, {"model": "planes.counterpart", "pk": 25, "fields": {"name": "\u041d\u041f \"\u041e\u0414\u041e \u0424\u0430\u0440\u043c\u044d\u043a\"", "email": "", "reg_addr": "", "UNP": "", "phone": ""}}, {"model": "planes.counterpart", "pk": 26, "fields": {"name": "\u041e\u041e\u041e \"\u0411\u0430\u0441\u0442\u0438\u043e\u043d \u0431\u0435\u0437\u043e\u043f\u0430\u0441\u043d\u043e\u0441\u0442\u0438\"", "email": "", "reg_addr": "", "UNP": "", "phone": ""}}, {"model": "planes.counterpart", "pk": 27, "fields": {"name": "\u041e\u041e\u041e \"\u0421\u0442\u0440\u043e\u0439\u041c\u0435\u0414\u0443\u0421\u0430\"", "email": "", "reg_addr": "", "UNP": "", "phone": ""}}, {"model": "planes.counterpart", "pk": 28, "fields": {"name": "\u041c\u043e\u0437\u044b\u0440\u0441\u043a\u043e\u0435 \u041c\u0420\u041e, \u0420\u0435\u0447\u0438\u0446\u043a\u043e\u0435 \u041c\u0420\u041e \u0444 - \u043b\u0430 \"\u042d\u043d\u0435\u0440\u0433\u043e\u0441\u0431\u044b\u0442\" \u0420\u0423\u041f \"\u0413\u043e\u043c\u0435\u043b\u044c\u044d\u043d\u0435\u0440\u0433\u043e\u0441\u0431\u044b\u0442\"", "email": "", "reg_addr": "", "UNP": "", "phone": ""}}, {"model": "planes.counterpart", "pk": 29, "fields": {"name": "\u0441\u0435\u043b\u044c\u0441\u043a\u043e\u0435 \u0420\u042d\u0421 \u0444 - \u043b\u0430 \"\u0413\u043e\u043c\u0435\u043b\u044c\u0441\u043a\u0438\u0435 \u044d\u043b\u0435\u043a\u0442\u0440\u0438\u0447\u0435\u0441\u043a\u0438\u0435 \u0441\u0435\u0442\u0438\" \u0420\u0423\u041f \"\u0413\u043e\u043c\u0435\u043b\u044c\u044d\u043d\u0435\u0440\u0433\u043e\"", "email": "", "reg_addr": "", "UNP": "", "phone": ""}}, {"model": "planes.counterpart", "pk": 30, "fields": {"name": "\u041e\u041e\u041e \"\u041a\u043e\u043c\u043f\u0430\u043d\u0438\u044f \u0420\u0435\u043c\u043e\u0434\"", "email": "", "reg_addr": "", "UNP": "", "phone": ""}}, {"model": "planes.counterpart", "pk": 31, "fields": {"name": "\u041e\u041e\u041e \"\u0422\u0435\u0440\u043c\u043e-\u0424\u0430\u043a\u0442\u043e\u0440\"", "email": "", "reg_addr": "", "UNP": "", "phone": ""}}, {"model": "planes.counterpart", "pk": 32, "fields": {"name": "\u041e\u041e\u041e \"\u0420\u0435\u043c\u043e\u043d\u0442 \u0438\u043d\u0441\u0442\u0440\u0443\u043c\u0435\u043d\u0442\u0430\"", "email": "", "reg_addr": "", "UNP": "", "phone": ""}}, {"model": "planes.counterpart", "pk": 33, "fields": {"name": "\u041e\u041e\u041e \"\u041e\u0412\u041d\u0422 \u043d\u0430\u043b\u0430\u0434\u043a\u0430\"", "email": "", "reg_addr": "", "UNP": "", "phone": ""}}, {"model": "planes.counterpart", "pk": 34, "fields": {"name": "\u0418\u041f \u041c\u0430\u0440\u0447\u0435\u043d\u043a\u043e\u0415.\u0412.", "email": "", "reg_addr": "", "UNP": "", "phone": ""}}, {"model": "planes.counterpart", "pk": 35, "fields": {"name": "\u0417\u0410\u041e \"\u0421\u043d\u0435\u0436\u0438\u043d\u043a\u0430\"", "email": "", "reg_addr": "", "UNP": "", "phone": ""}}, {"model": "planes.counterpart", "pk": 36, "fields": {"name": "\u0413\u0410\u0410\u0421\u0423 \"\u0410\u0432\u0438\u0430\u0446\u0438\u044f\"", "email": "", "reg_addr": "", "UNP": "", "phone": ""}}, {"model": "planes.counterpart", "pk": 37, "fields": {"name": "\u0420\u0414\u0423\u041f \"\u041f\u0440\u043e\u0435\u043a\u0442\u043d\u044b\u0439 \u0438\u043d\u0441\u0442\u0438\u0442\u0443\u0442 \"\u0413\u043e\u043c\u0435\u043b\u044c\u0433\u0438\u043f\u0440\u043e\u0437\u0435\u043c\"", "email": "", "reg_addr": "", "UNP": "", "phone": ""}}, {"model": "planes.counterpart", "pk": 38, "fields": {"name": "\u041a\u0423\u041f \u0440\u0435\u0434\u0430\u043a\u0446\u0438\u044f \u0433\u0430\u0437\u0435\u0442\u044b \"\u0413\u043e\u043c\u0435\u043b\u044c\u0441\u043a\u0430\u044f \u041f\u0440\u0430\u0443\u0434\u0430\"", "email": "", "reg_addr": "", "UNP": "", "phone": ""}}, {"model": "planes.counterpart", "pk": 39, "fields": {"name": "\u0414\u0420\u0421\u0423 \u2116185 \u041a\u041f\u0420\u0421\u0423\u041f \"\u0413\u043e\u043c\u0435\u043b\u044c\u043e\u0431\u043b\u0434\u043e\u0440\u0441\u0442\u0440\u043e\u0439\"", "email": "", "reg_addr": "", "UNP": "", "phone": ""}}, {"model": "planes.counterpart", "pk": 40, "fields": {"name": "\u0414\u0420\u0421\u0423 \u2116186 \u041a\u041f\u0420\u0421\u0423\u041f \"\u0413\u043e\u043c\u0435\u043b\u044c\u043e\u0431\u043b\u0434\u043e\u0440\u0441\u0442\u0440\u043e\u0439\"", "email": "", "reg_addr": "", "UNP": "", "phone": ""}}, {"model": "planes.counterpart", "pk": 41, "fields": {"name": "\u0413\u0421\u0423 \"\u0422\u0443\u0440\u0441\u043a\u0430\u044f \u0441\u043e\u0440\u0442\u043e\u0438\u0441\u043f\u044b\u0442\u0430\u0442\u0435\u043b\u044c\u043d\u0430\u044f \u0441\u0442\u0430\u043d\u0446\u0438\u044f\"", "email": "", "reg_addr": "", "UNP": "", "phone": ""}}, {"model": "planes.contract", "pk": 3, "fields": {"title": "dfsa-1", "finance_cost": 2, "curator": 1, "contract_type": 1, "contract_mode": 1, "purchase_type": 1, "activity_form": 1, "stateASEZ": 1, "number_ppz": "asdas", "number_PZTRU": 1, "contract_status": 1, "plan_load_date_ASEZ": "2020-05-16", "fact_load_date_ASEZ": "2020-05-16", "currency": 1, "number_KGG": "asdasd", "register_number_SAP": "asdasd", "contract_number": "asdas", "plan_sign_date": "2020-05-16", "fact_sign_date": "2020-05-16", "start_date": "2020-05-16", "end_time": "2020-05-16", "counterpart": 1, "related_contract": null, "contract_active": true}}, {"model": "planes.contract", "pk": 5, "fields": {"title": "21", "finance_cost": 1, "curator": 1, "contract_type": 1, "contract_mode": 1, "purchase_type": 1, "activity_form": 1, "stateASEZ": 1, "number_ppz": "asdas", "number_PZTRU": 1, "contract_status": 1, "plan_load_date_ASEZ": "2020-05-16", "fact_load_date_ASEZ": "2020-05-16", "currency": null, "number_KGG": "asdasd", "register_number_SAP": "asdasd", "contract_number": "asdas", "plan_sign_date": "2020-05-16", "fact_sign_date": "2020-05-16", "start_date": "2020-05-16", "end_time": "2020-05-16", "counterpart": 1, "related_contract": 3, "contract_active": true}}, {"model": "planes.sumsrur", "pk": 3, "fields": {"contract": 3, "year": "2020", "start_max_price_ASEZ_NDS_currency": "RUB", "start_max_price_ASEZ_NDS": "2341.00", "currency_rate_on_load_date_ASEZ_NDS_currency": "RUB", "currency_rate_on_load_date_ASEZ_NDS": "3421.00000", "contract_sum_NDS_RUB_currency": "RUB", "contract_sum_NDS_RUB": "0.00", "currency": 1, "delta_data_ASEZ_currency": "RUB", "delta_data_ASEZ": "0.00"}}, {"model": "planes.sumsrur", "pk": 4, "fields": {"contract": 5, "year": "2020", "start_max_price_ASEZ_NDS_currency": "RUB", "start_max_price_ASEZ_NDS": "123.00", "currency_rate_on_load_date_ASEZ_NDS_currency": "RUB", "currency_rate_on_load_date_ASEZ_NDS": "312.00000", "contract_sum_NDS_RUB_currency": "RUB", "contract_sum_NDS_RUB": "0.00", "currency": null, "delta_data_ASEZ_currency": "RUB", "delta_data_ASEZ": "0.00"}}, {"model": "planes.sumsbyn", "pk": 6, "fields": {"contract": 3, "year": "", "period": "1quart", "plan_sum_SAP_currency": "BYN", "plan_sum_SAP": "21.00", "contract_sum_without_NDS_BYN_currency": "BYN", "contract_sum_without_NDS_BYN": "0.00", "contract_sum_with_NDS_BYN_currency": "BYN", "contract_sum_with_NDS_BYN": null, "contract_total_sum_with_sub_BYN_currency": "BYN", "contract_total_sum_with_sub_BYN": null, "forecast_total_currency": "BYN", "forecast_total": "31.00", "economy_total_currency": "BYN", "economy_total": null, "fact_total_currency": "BYN", "fact_total": "421.00", "economy_contract_result_currency": "BYN", "economy_contract_result": null, "total_sum_unsigned_contracts_currency": "BYN", "total_sum_unsigned_contracts": null, "economy_total_absolute_currency": "BYN", "economy_total_absolute": null}}, {"model": "planes.sumsbyn", "pk": 7, "fields": {"contract": 3, "year": "", "period": "2quart", "plan_sum_SAP_currency": "BYN", "plan_sum_SAP": "34213421.00", "contract_sum_without_NDS_BYN_currency": "BYN", "contract_sum_without_NDS_BYN": "0.00", "contract_sum_with_NDS_BYN_currency": "BYN", "contract_sum_with_NDS_BYN": null, "contract_total_sum_with_sub_BYN_currency": "BYN", "contract_total_sum_with_sub_BYN": null, "forecast_total_currency": "BYN", "forecast_total": "432432.00", "economy_total_currency": "BYN", "economy_total": null, "fact_total_currency": "BYN", "fact_total": "423342.00", "economy_contract_result_currency": "BYN", "economy_contract_result": null, "total_sum_unsigned_contracts_currency": "BYN", "total_sum_unsigned_contracts": null, "economy_total_absolute_currency": "BYN", "economy_total_absolute": null}}, {"model": "planes.sumsbyn", "pk": 8, "fields": {"contract": 3, "year": "", "period": "3quart", "plan_sum_SAP_currency": "BYN", "plan_sum_SAP": "432143.00", "contract_sum_without_NDS_BYN_currency": "BYN", "contract_sum_without_NDS_BYN": "0.00", "contract_sum_with_NDS_BYN_currency": "BYN", "contract_sum_with_NDS_BYN": null, "contract_total_sum_with_sub_BYN_currency": "BYN", "contract_total_sum_with_sub_BYN": null, "forecast_total_currency": "BYN", "forecast_total": "4321.00", "economy_total_currency": "BYN", "economy_total": null, "fact_total_currency": "BYN", "fact_total": "4.00", "economy_contract_result_currency": "BYN", "economy_contract_result": null, "total_sum_unsigned_contracts_currency": "BYN", "total_sum_unsigned_contracts": null, "economy_total_absolute_currency": "BYN", "economy_total_absolute": null}}, {"model": "planes.sumsbyn", "pk": 9, "fields": {"contract": 3, "year": "", "period": "4quart", "plan_sum_SAP_currency": "BYN", "plan_sum_SAP": "3.00", "contract_sum_without_NDS_BYN_currency": "BYN", "contract_sum_without_NDS_BYN": "0.00", "contract_sum_with_NDS_BYN_currency": "BYN", "contract_sum_with_NDS_BYN": null, "contract_total_sum_with_sub_BYN_currency": "BYN", "contract_total_sum_with_sub_BYN": null, "forecast_total_currency": "BYN", "forecast_total": "3421.00", "economy_total_currency": "BYN", "economy_total": null, "fact_total_currency": "BYN", "fact_total": "4312.00", "economy_contract_result_currency": "BYN", "economy_contract_result": null, "total_sum_unsigned_contracts_currency": "BYN", "total_sum_unsigned_contracts": null, "economy_total_absolute_currency": "BYN", "economy_total_absolute": null}}, {"model": "planes.sumsbyn", "pk": 10, "fields": {"contract": 3, "year": "", "period": "year", "plan_sum_SAP_currency": "BYN", "plan_sum_SAP": "312.00", "contract_sum_without_NDS_BYN_currency": "BYN", "contract_sum_without_NDS_BYN": "0.00", "contract_sum_with_NDS_BYN_currency": "BYN", "contract_sum_with_NDS_BYN": null, "contract_total_sum_with_sub_BYN_currency": "BYN", "contract_total_sum_with_sub_BYN": null, "forecast_total_currency": "BYN", "forecast_total": "312.00", "economy_total_currency": "BYN", "economy_total": null, "fact_total_currency": "BYN", "fact_total": "43.00", "economy_contract_result_currency": "BYN", "economy_contract_result": null, "total_sum_unsigned_contracts_currency": "BYN", "total_sum_unsigned_contracts": null, "economy_total_absolute_currency": "BYN", "economy_total_absolute": null}}, {"model": "planes.sumsbyn", "pk": 11, "fields": {"contract": 3, "year": "", "period": "6months", "plan_sum_SAP_currency": "BYN", "plan_sum_SAP": "32.00", "contract_sum_without_NDS_BYN_currency": "BYN", "contract_sum_without_NDS_BYN": "0.00", "contract_sum_with_NDS_BYN_currency": "BYN", "contract_sum_with_NDS_BYN": null, "contract_total_sum_with_sub_BYN_currency": "BYN", "contract_total_sum_with_sub_BYN": null, "forecast_total_currency": "BYN", "forecast_total": "4.00", "economy_total_currency": "BYN", "economy_total": null, "fact_total_currency": "BYN", "fact_total": "32.00", "economy_contract_result_currency": "BYN", "economy_contract_result": null, "total_sum_unsigned_contracts_currency": "BYN", "total_sum_unsigned_contracts": null, "economy_total_absolute_currency": "BYN", "economy_total_absolute": null}}, {"model": "planes.sumsbyn", "pk": 12, "fields": {"contract": 3, "year": "", "period": "9months", "plan_sum_SAP_currency": "BYN", "plan_sum_SAP": "3412.00", "contract_sum_without_NDS_BYN_currency": "BYN", "contract_sum_without_NDS_BYN": "0.00", "contract_sum_with_NDS_BYN_currency": "BYN", "contract_sum_with_NDS_BYN": null, "contract_total_sum_with_sub_BYN_currency": "BYN", "contract_total_sum_with_sub_BYN": null, "forecast_total_currency": "BYN", "forecast_total": "3421.00", "economy_total_currency": "BYN", "economy_total": null, "fact_total_currency": "BYN", "fact_total": null, "economy_contract_result_currency": "BYN", "economy_contract_result": null, "total_sum_unsigned_contracts_currency": "BYN", "total_sum_unsigned_contracts": null, "economy_total_absolute_currency": "BYN", "economy_total_absolute": null}}, {"model": "planes.sumsbyn", "pk": 13, "fields": {"contract": 3, "year": "", "period": "10months", "plan_sum_SAP_currency": "BYN", "plan_sum_SAP": "234.00", "contract_sum_without_NDS_BYN_currency": "BYN", "contract_sum_without_NDS_BYN": "0.00", "contract_sum_with_NDS_BYN_currency": "BYN", "contract_sum_with_NDS_BYN": null, "contract_total_sum_with_sub_BYN_currency": "BYN", "contract_total_sum_with_sub_BYN": null, "forecast_total_currency": "BYN", "forecast_total": "432.00", "economy_total_currency": "BYN", "economy_total": null, "fact_total_currency": "BYN", "fact_total": "431.00", "economy_contract_result_currency": "BYN", "economy_contract_result": null, "total_sum_unsigned_contracts_currency": "BYN", "total_sum_unsigned_contracts": null, "economy_total_absolute_currency": "BYN", "economy_total_absolute": null}}, {"model": "planes.sumsbyn", "pk": 14, "fields": {"contract": 3, "year": "", "period": "11months", "plan_sum_SAP_currency": "BYN", "plan_sum_SAP": "3412.00", "contract_sum_without_NDS_BYN_currency": "BYN", "contract_sum_without_NDS_BYN": "0.00", "contract_sum_with_NDS_BYN_currency": "BYN", "contract_sum_with_NDS_BYN": null, "contract_total_sum_with_sub_BYN_currency": "BYN", "contract_total_sum_with_sub_BYN": null, "forecast_total_currency": "BYN", "forecast_total": null, "economy_total_currency": "BYN", "economy_total": null, "fact_total_currency": "BYN", "fact_total": "342.00", "economy_contract_result_currency": "BYN", "economy_contract_result": null, "total_sum_unsigned_contracts_currency": "BYN", "total_sum_unsigned_contracts": null, "economy_total_absolute_currency": "BYN", "economy_total_absolute": null}}, {"model": "planes.sumsbyn", "pk": 15, "fields": {"contract": 3, "year": "", "period": "jan", "plan_sum_SAP_currency": "BYN", "plan_sum_SAP": "4321.00", "contract_sum_without_NDS_BYN_currency": "BYN", "contract_sum_without_NDS_BYN": "0.00", "contract_sum_with_NDS_BYN_currency": "BYN", "contract_sum_with_NDS_BYN": null, "contract_total_sum_with_sub_BYN_currency": "BYN", "contract_total_sum_with_sub_BYN": null, "forecast_total_currency": "BYN", "forecast_total": "14321.00", "economy_total_currency": "BYN", "economy_total": null, "fact_total_currency": "BYN", "fact_total": "432.00", "economy_contract_result_currency": "BYN", "economy_contract_result": null, "total_sum_unsigned_contracts_currency": "BYN", "total_sum_unsigned_contracts": null, "economy_total_absolute_currency": "BYN", "economy_total_absolute": null}}, {"model": "planes.sumsbyn", "pk": 16, "fields": {"contract": 3, "year": "", "period": "feb", "plan_sum_SAP_currency": "BYN", "plan_sum_SAP": "4321.00", "contract_sum_without_NDS_BYN_currency": "BYN", "contract_sum_without_NDS_BYN": "0.00", "contract_sum_with_NDS_BYN_currency": "BYN", "contract_sum_with_NDS_BYN": null, "contract_total_sum_with_sub_BYN_currency": "BYN", "contract_total_sum_with_sub_BYN": null, "forecast_total_currency": "BYN", "forecast_total": "432.00", "economy_total_currency": "BYN", "economy_total": null, "fact_total_currency": "BYN", "fact_total": "4.00", "economy_contract_result_currency": "BYN", "economy_contract_result": null, "total_sum_unsigned_contracts_currency": "BYN", "total_sum_unsigned_contracts": null, "economy_total_absolute_currency": "BYN", "economy_total_absolute": null}}, {"model": "planes.sumsbyn", "pk": 17, "fields": {"contract": 3, "year": "", "period": "mar", "plan_sum_SAP_currency": "BYN", "plan_sum_SAP": "32.00", "contract_sum_without_NDS_BYN_currency": "BYN", "contract_sum_without_NDS_BYN": "0.00", "contract_sum_with_NDS_BYN_currency": "BYN", "contract_sum_with_NDS_BYN": null, "contract_total_sum_with_sub_BYN_currency": "BYN", "contract_total_sum_with_sub_BYN": null, "forecast_total_currency": "BYN", "forecast_total": "234.00", "economy_total_currency": "BYN", "economy_total": null, "fact_total_currency": "BYN", "fact_total": "341.00", "economy_contract_result_currency": "BYN", "economy_contract_result": null, "total_sum_unsigned_contracts_currency": "BYN", "total_sum_unsigned_contracts": null, "economy_total_absolute_currency": "BYN", "economy_total_absolute": null}}, {"model": "planes.sumsbyn", "pk": 18, "fields": {"contract": 3, "year": "", "period": "apr", "plan_sum_SAP_currency": "BYN", "plan_sum_SAP": "41235.00", "contract_sum_without_NDS_BYN_currency": "BYN", "contract_sum_without_NDS_BYN": "0.00", "contract_sum_with_NDS_BYN_currency": "BYN", "contract_sum_with_NDS_BYN": null, "contract_total_sum_with_sub_BYN_currency": "BYN", "contract_total_sum_with_sub_BYN": null, "forecast_total_currency": "BYN", "forecast_total": "512.00", "economy_total_currency": "BYN", "economy_total": null, "fact_total_currency": "BYN", "fact_total": "512.00", "economy_contract_result_currency": "BYN", "economy_contract_result": null, "total_sum_unsigned_contracts_currency": "BYN", "total_sum_unsigned_contracts": null, "economy_total_absolute_currency": "BYN", "economy_total_absolute": null}}, {"model": "planes.sumsbyn", "pk": 19, "fields": {"contract": 3, "year": "", "period": "may", "plan_sum_SAP_currency": "BYN", "plan_sum_SAP": "352.00", "contract_sum_without_NDS_BYN_currency": "BYN", "contract_sum_without_NDS_BYN": "0.00", "contract_sum_with_NDS_BYN_currency": "BYN", "contract_sum_with_NDS_BYN": null, "contract_total_sum_with_sub_BYN_currency": "BYN", "contract_total_sum_with_sub_BYN": null, "forecast_total_currency": "BYN", "forecast_total": null, "economy_total_currency": "BYN", "economy_total": null, "fact_total_currency": "BYN", "fact_total": null, "economy_contract_result_currency": "BYN", "economy_contract_result": null, "total_sum_unsigned_contracts_currency": "BYN", "total_sum_unsigned_contracts": null, "economy_total_absolute_currency": "BYN", "economy_total_absolute": null}}, {"model": "planes.sumsbyn", "pk": 20, "fields": {"contract": 3, "year": "", "period": "jun", "plan_sum_SAP_currency": "BYN", "plan_sum_SAP": null, "contract_sum_without_NDS_BYN_currency": "BYN", "contract_sum_without_NDS_BYN": "0.00", "contract_sum_with_NDS_BYN_currency": "BYN", "contract_sum_with_NDS_BYN": null, "contract_total_sum_with_sub_BYN_currency": "BYN", "contract_total_sum_with_sub_BYN": null, "forecast_total_currency": "BYN", "forecast_total": null, "economy_total_currency": "BYN", "economy_total": null, "fact_total_currency": "BYN", "fact_total": null, "economy_contract_result_currency": "BYN", "economy_contract_result": null, "total_sum_unsigned_contracts_currency": "BYN", "total_sum_unsigned_contracts": null, "economy_total_absolute_currency": "BYN", "economy_total_absolute": null}}, {"model": "planes.sumsbyn", "pk": 21, "fields": {"contract": 3, "year": "", "period": "jul", "plan_sum_SAP_currency": "BYN", "plan_sum_SAP": null, "contract_sum_without_NDS_BYN_currency": "BYN", "contract_sum_without_NDS_BYN": "0.00", "contract_sum_with_NDS_BYN_currency": "BYN", "contract_sum_with_NDS_BYN": null, "contract_total_sum_with_sub_BYN_currency": "BYN", "contract_total_sum_with_sub_BYN": null, "forecast_total_currency": "BYN", "forecast_total": null, "economy_total_currency": "BYN", "economy_total": null, "fact_total_currency": "BYN", "fact_total": null, "economy_contract_result_currency": "BYN", "economy_contract_result": null, "total_sum_unsigned_contracts_currency": "BYN", "total_sum_unsigned_contracts": null, "economy_total_absolute_currency": "BYN", "economy_total_absolute": null}}, {"model": "planes.sumsbyn", "pk": 22, "fields": {"contract": 3, "year": "", "period": "aug", "plan_sum_SAP_currency": "BYN", "plan_sum_SAP": null, "contract_sum_without_NDS_BYN_currency": "BYN", "contract_sum_without_NDS_BYN": "0.00", "contract_sum_with_NDS_BYN_currency": "BYN", "contract_sum_with_NDS_BYN": null, "contract_total_sum_with_sub_BYN_currency": "BYN", "contract_total_sum_with_sub_BYN": null, "forecast_total_currency": "BYN", "forecast_total": null, "economy_total_currency": "BYN", "economy_total": null, "fact_total_currency": "BYN", "fact_total": null, "economy_contract_result_currency": "BYN", "economy_contract_result": null, "total_sum_unsigned_contracts_currency": "BYN", "total_sum_unsigned_contracts": null, "economy_total_absolute_currency": "BYN", "economy_total_absolute": null}}, {"model": "planes.sumsbyn", "pk": 23, "fields": {"contract": 3, "year": "", "period": "sep", "plan_sum_SAP_currency": "BYN", "plan_sum_SAP": null, "contract_sum_without_NDS_BYN_currency": "BYN", "contract_sum_without_NDS_BYN": "0.00", "contract_sum_with_NDS_BYN_currency": "BYN", "contract_sum_with_NDS_BYN": null, "contract_total_sum_with_sub_BYN_currency": "BYN", "contract_total_sum_with_sub_BYN": null, "forecast_total_currency": "BYN", "forecast_total": null, "economy_total_currency": "BYN", "economy_total": null, "fact_total_currency": "BYN", "fact_total": null, "economy_contract_result_currency": "BYN", "economy_contract_result": null, "total_sum_unsigned_contracts_currency": "BYN", "total_sum_unsigned_contracts": null, "economy_total_absolute_currency": "BYN", "economy_total_absolute": null}}, {"model": "planes.sumsbyn", "pk": 24, "fields": {"contract": 3, "year": "", "period": "oct", "plan_sum_SAP_currency": "BYN", "plan_sum_SAP": null, "contract_sum_without_NDS_BYN_currency": "BYN", "contract_sum_without_NDS_BYN": "0.00", "contract_sum_with_NDS_BYN_currency": "BYN", "contract_sum_with_NDS_BYN": null, "contract_total_sum_with_sub_BYN_currency": "BYN", "contract_total_sum_with_sub_BYN": null, "forecast_total_currency": "BYN", "forecast_total": null, "economy_total_currency": "BYN", "economy_total": null, "fact_total_currency": "BYN", "fact_total": null, "economy_contract_result_currency": "BYN", "economy_contract_result": null, "total_sum_unsigned_contracts_currency": "BYN", "total_sum_unsigned_contracts": null, "economy_total_absolute_currency": "BYN", "economy_total_absolute": null}}, {"model": "planes.sumsbyn", "pk": 25, "fields": {"contract": 3, "year": "", "period": "nov", "plan_sum_SAP_currency": "BYN", "plan_sum_SAP": "9585.00", "contract_sum_without_NDS_BYN_currency": "BYN", "contract_sum_without_NDS_BYN": "0.00", "contract_sum_with_NDS_BYN_currency": "BYN", "contract_sum_with_NDS_BYN": null, "contract_total_sum_with_sub_BYN_currency": "BYN", "contract_total_sum_with_sub_BYN": null, "forecast_total_currency": "BYN", "forecast_total": null, "economy_total_currency": "BYN", "economy_total": null, "fact_total_currency": "BYN", "fact_total": null, "economy_contract_result_currency": "BYN", "economy_contract_result": null, "total_sum_unsigned_contracts_currency": "BYN", "total_sum_unsigned_contracts": null, "economy_total_absolute_currency": "BYN", "economy_total_absolute": null}}, {"model": "planes.sumsbyn", "pk": 26, "fields": {"contract": 3, "year": "", "period": "dec", "plan_sum_SAP_currency": "BYN", "plan_sum_SAP": null, "contract_sum_without_NDS_BYN_currency": "BYN", "contract_sum_without_NDS_BYN": "0.00", "contract_sum_with_NDS_BYN_currency": "BYN", "contract_sum_with_NDS_BYN": null, "contract_total_sum_with_sub_BYN_currency": "BYN", "contract_total_sum_with_sub_BYN": null, "forecast_total_currency": "BYN", "forecast_total": null, "economy_total_currency": "BYN", "economy_total": null, "fact_total_currency": "BYN", "fact_total": null, "economy_contract_result_currency": "BYN", "economy_contract_result": null, "total_sum_unsigned_contracts_currency": "BYN", "total_sum_unsigned_contracts": null, "economy_total_absolute_currency": "BYN", "economy_total_absolute": null}}, {"model": "planes.sumsbyn", "pk": 48, "fields": {"contract": 5, "year": "", "period": "1quart", "plan_sum_SAP_currency": "BYN", "plan_sum_SAP": "2.00", "contract_sum_without_NDS_BYN_currency": "BYN", "contract_sum_without_NDS_BYN": "0.00", "contract_sum_with_NDS_BYN_currency": "BYN", "contract_sum_with_NDS_BYN": null, "contract_total_sum_with_sub_BYN_currency": "BYN", "contract_total_sum_with_sub_BYN": null, "forecast_total_currency": "BYN", "forecast_total": "2.00", "economy_total_currency": "BYN", "economy_total": null, "fact_total_currency": "BYN", "fact_total": "5.00", "economy_contract_result_currency": "BYN", "economy_contract_result": null, "total_sum_unsigned_contracts_currency": "BYN", "total_sum_unsigned_contracts": null, "economy_total_absolute_currency": "BYN", "economy_total_absolute": null}}, {"model": "planes.sumsbyn", "pk": 49, "fields": {"contract": 5, "year": "", "period": "2quart", "plan_sum_SAP_currency": "BYN", "plan_sum_SAP": "3.00", "contract_sum_without_NDS_BYN_currency": "BYN", "contract_sum_without_NDS_BYN": "0.00", "contract_sum_with_NDS_BYN_currency": "BYN", "contract_sum_with_NDS_BYN": null, "contract_total_sum_with_sub_BYN_currency": "BYN", "contract_total_sum_with_sub_BYN": null, "forecast_total_currency": "BYN", "forecast_total": "4.00", "economy_total_currency": "BYN", "economy_total": null, "fact_total_currency": "BYN", "fact_total": "1.00", "economy_contract_result_currency": "BYN", "economy_contract_result": null, "total_sum_unsigned_contracts_currency": "BYN", "total_sum_unsigned_contracts": null, "economy_total_absolute_currency": "BYN", "economy_total_absolute": null}}, {"model": "planes.sumsbyn", "pk": 50, "fields": {"contract": 5, "year": "", "period": "3quart", "plan_sum_SAP_currency": "BYN", "plan_sum_SAP": "23.00", "contract_sum_without_NDS_BYN_currency": "BYN", "contract_sum_without_NDS_BYN": "0.00", "contract_sum_with_NDS_BYN_currency": "BYN", "contract_sum_with_NDS_BYN": null, "contract_total_sum_with_sub_BYN_currency": "BYN", "contract_total_sum_with_sub_BYN": null, "forecast_total_currency": "BYN", "forecast_total": "41.00", "economy_total_currency": "BYN", "economy_total": null, "fact_total_currency": "BYN", "fact_total": "512.00", "economy_contract_result_currency": "BYN", "economy_contract_result": null, "total_sum_unsigned_contracts_currency": "BYN", "total_sum_unsigned_contracts": null, "economy_total_absolute_currency": "BYN", "economy_total_absolute": null}}, {"model": "planes.sumsbyn", "pk": 51, "fields": {"contract": 5, "year": "", "period": "4quart", "plan_sum_SAP_currency": "BYN", "plan_sum_SAP": "2431.00", "contract_sum_without_NDS_BYN_currency": "BYN", "contract_sum_without_NDS_BYN": "0.00", "contract_sum_with_NDS_BYN_currency": "BYN", "contract_sum_with_NDS_BYN": null, "contract_total_sum_with_sub_BYN_currency": "BYN", "contract_total_sum_with_sub_BYN": null, "forecast_total_currency": "BYN", "forecast_total": "432.00", "economy_total_currency": "BYN", "economy_total": null, "fact_total_currency": "BYN", "fact_total": "342.00", "economy_contract_result_currency": "BYN", "economy_contract_result": null, "total_sum_unsigned_contracts_currency": "BYN", "total_sum_unsigned_contracts": null, "economy_total_absolute_currency": "BYN", "economy_total_absolute": null}}, {"model": "planes.sumsbyn", "pk": 52, "fields": {"contract": 5, "year": "", "period": "year", "plan_sum_SAP_currency": "BYN", "plan_sum_SAP": null, "contract_sum_without_NDS_BYN_currency": "BYN", "contract_sum_without_NDS_BYN": "0.00", "contract_sum_with_NDS_BYN_currency": "BYN", "contract_sum_with_NDS_BYN": null, "contract_total_sum_with_sub_BYN_currency": "BYN", "contract_total_sum_with_sub_BYN": null, "forecast_total_currency": "BYN", "forecast_total": null, "economy_total_currency": "BYN", "economy_total": null, "fact_total_currency": "BYN", "fact_total": null, "economy_contract_result_currency": "BYN", "economy_contract_result": null, "total_sum_unsigned_contracts_currency": "BYN", "total_sum_unsigned_contracts": null, "economy_total_absolute_currency": "BYN", "economy_total_absolute": null}}, {"model": "planes.sumsbyn", "pk": 53, "fields": {"contract": 5, "year": "", "period": "6months", "plan_sum_SAP_currency": "BYN", "plan_sum_SAP": null, "contract_sum_without_NDS_BYN_currency": "BYN", "contract_sum_without_NDS_BYN": "0.00", "contract_sum_with_NDS_BYN_currency": "BYN", "contract_sum_with_NDS_BYN": null, "contract_total_sum_with_sub_BYN_currency": "BYN", "contract_total_sum_with_sub_BYN": null, "forecast_total_currency": "BYN", "forecast_total": null, "economy_total_currency": "BYN", "economy_total": null, "fact_total_currency": "BYN", "fact_total": null, "economy_contract_result_currency": "BYN", "economy_contract_result": null, "total_sum_unsigned_contracts_currency": "BYN", "total_sum_unsigned_contracts": null, "economy_total_absolute_currency": "BYN", "economy_total_absolute": null}}, {"model": "planes.sumsbyn", "pk": 54, "fields": {"contract": 5, "year": "", "period": "9months", "plan_sum_SAP_currency": "BYN", "plan_sum_SAP": null, "contract_sum_without_NDS_BYN_currency": "BYN", "contract_sum_without_NDS_BYN": "0.00", "contract_sum_with_NDS_BYN_currency": "BYN", "contract_sum_with_NDS_BYN": null, "contract_total_sum_with_sub_BYN_currency": "BYN", "contract_total_sum_with_sub_BYN": null, "forecast_total_currency": "BYN", "forecast_total": null, "economy_total_currency": "BYN", "economy_total": null, "fact_total_currency": "BYN", "fact_total": null, "economy_contract_result_currency": "BYN", "economy_contract_result": null, "total_sum_unsigned_contracts_currency": "BYN", "total_sum_unsigned_contracts": null, "economy_total_absolute_currency": "BYN", "economy_total_absolute": null}}, {"model": "planes.sumsbyn", "pk": 55, "fields": {"contract": 5, "year": "", "period": "10months", "plan_sum_SAP_currency": "BYN", "plan_sum_SAP": null, "contract_sum_without_NDS_BYN_currency": "BYN", "contract_sum_without_NDS_BYN": "0.00", "contract_sum_with_NDS_BYN_currency": "BYN", "contract_sum_with_NDS_BYN": null, "contract_total_sum_with_sub_BYN_currency": "BYN", "contract_total_sum_with_sub_BYN": null, "forecast_total_currency": "BYN", "forecast_total": null, "economy_total_currency": "BYN", "economy_total": null, "fact_total_currency": "BYN", "fact_total": null, "economy_contract_result_currency": "BYN", "economy_contract_result": null, "total_sum_unsigned_contracts_currency": "BYN", "total_sum_unsigned_contracts": null, "economy_total_absolute_currency": "BYN", "economy_total_absolute": null}}, {"model": "planes.sumsbyn", "pk": 56, "fields": {"contract": 5, "year": "", "period": "11months", "plan_sum_SAP_currency": "BYN", "plan_sum_SAP": null, "contract_sum_without_NDS_BYN_currency": "BYN", "contract_sum_without_NDS_BYN": "0.00", "contract_sum_with_NDS_BYN_currency": "BYN", "contract_sum_with_NDS_BYN": null, "contract_total_sum_with_sub_BYN_currency": "BYN", "contract_total_sum_with_sub_BYN": null, "forecast_total_currency": "BYN", "forecast_total": null, "economy_total_currency": "BYN", "economy_total": null, "fact_total_currency": "BYN", "fact_total": null, "economy_contract_result_currency": "BYN", "economy_contract_result": null, "total_sum_unsigned_contracts_currency": "BYN", "total_sum_unsigned_contracts": null, "economy_total_absolute_currency": "BYN", "economy_total_absolute": null}}, {"model": "planes.sumsbyn", "pk": 57, "fields": {"contract": 5, "year": "", "period": "jan", "plan_sum_SAP_currency": "BYN", "plan_sum_SAP": null, "contract_sum_without_NDS_BYN_currency": "BYN", "contract_sum_without_NDS_BYN": "0.00", "contract_sum_with_NDS_BYN_currency": "BYN", "contract_sum_with_NDS_BYN": null, "contract_total_sum_with_sub_BYN_currency": "BYN", "contract_total_sum_with_sub_BYN": null, "forecast_total_currency": "BYN", "forecast_total": null, "economy_total_currency": "BYN", "economy_total": null, "fact_total_currency": "BYN", "fact_total": null, "economy_contract_result_currency": "BYN", "economy_contract_result": null, "total_sum_unsigned_contracts_currency": "BYN", "total_sum_unsigned_contracts": null, "economy_total_absolute_currency": "BYN", "economy_total_absolute": null}}, {"model": "planes.sumsbyn", "pk": 58, "fields": {"contract": 5, "year": "", "period": "feb", "plan_sum_SAP_currency": "BYN", "plan_sum_SAP": null, "contract_sum_without_NDS_BYN_currency": "BYN", "contract_sum_without_NDS_BYN": "0.00", "contract_sum_with_NDS_BYN_currency": "BYN", "contract_sum_with_NDS_BYN": null, "contract_total_sum_with_sub_BYN_currency": "BYN", "contract_total_sum_with_sub_BYN": null, "forecast_total_currency": "BYN", "forecast_total": null, "economy_total_currency": "BYN", "economy_total": null, "fact_total_currency": "BYN", "fact_total": null, "economy_contract_result_currency": "BYN", "economy_contract_result": null, "total_sum_unsigned_contracts_currency": "BYN", "total_sum_unsigned_contracts": null, "economy_total_absolute_currency": "BYN", "economy_total_absolute": null}}, {"model": "planes.sumsbyn", "pk": 59, "fields": {"contract": 5, "year": "", "period": "mar", "plan_sum_SAP_currency": "BYN", "plan_sum_SAP": null, "contract_sum_without_NDS_BYN_currency": "BYN", "contract_sum_without_NDS_BYN": "0.00", "contract_sum_with_NDS_BYN_currency": "BYN", "contract_sum_with_NDS_BYN": null, "contract_total_sum_with_sub_BYN_currency": "BYN", "contract_total_sum_with_sub_BYN": null, "forecast_total_currency": "BYN", "forecast_total": null, "economy_total_currency": "BYN", "economy_total": null, "fact_total_currency": "BYN", "fact_total": null, "economy_contract_result_currency": "BYN", "economy_contract_result": null, "total_sum_unsigned_contracts_currency": "BYN", "total_sum_unsigned_contracts": null, "economy_total_absolute_currency": "BYN", "economy_total_absolute": null}}, {"model": "planes.sumsbyn", "pk": 60, "fields": {"contract": 5, "year": "", "period": "apr", "plan_sum_SAP_currency": "BYN", "plan_sum_SAP": null, "contract_sum_without_NDS_BYN_currency": "BYN", "contract_sum_without_NDS_BYN": "0.00", "contract_sum_with_NDS_BYN_currency": "BYN", "contract_sum_with_NDS_BYN": null, "contract_total_sum_with_sub_BYN_currency": "BYN", "contract_total_sum_with_sub_BYN": null, "forecast_total_currency": "BYN", "forecast_total": null, "economy_total_currency": "BYN", "economy_total": null, "fact_total_currency": "BYN", "fact_total": null, "economy_contract_result_currency": "BYN", "economy_contract_result": null, "total_sum_unsigned_contracts_currency": "BYN", "total_sum_unsigned_contracts": null, "economy_total_absolute_currency": "BYN", "economy_total_absolute": null}}, {"model": "planes.sumsbyn", "pk": 61, "fields": {"contract": 5, "year": "", "period": "may", "plan_sum_SAP_currency": "BYN", "plan_sum_SAP": null, "contract_sum_without_NDS_BYN_currency": "BYN", "contract_sum_without_NDS_BYN": "0.00", "contract_sum_with_NDS_BYN_currency": "BYN", "contract_sum_with_NDS_BYN": null, "contract_total_sum_with_sub_BYN_currency": "BYN", "contract_total_sum_with_sub_BYN": null, "forecast_total_currency": "BYN", "forecast_total": null, "economy_total_currency": "BYN", "economy_total": null, "fact_total_currency": "BYN", "fact_total": null, "economy_contract_result_currency": "BYN", "economy_contract_result": null, "total_sum_unsigned_contracts_currency": "BYN", "total_sum_unsigned_contracts": null, "economy_total_absolute_currency": "BYN", "economy_total_absolute": null}}, {"model": "planes.sumsbyn", "pk": 62, "fields": {"contract": 5, "year": "", "period": "jun", "plan_sum_SAP_currency": "BYN", "plan_sum_SAP": null, "contract_sum_without_NDS_BYN_currency": "BYN", "contract_sum_without_NDS_BYN": "0.00", "contract_sum_with_NDS_BYN_currency": "BYN", "contract_sum_with_NDS_BYN": null, "contract_total_sum_with_sub_BYN_currency": "BYN", "contract_total_sum_with_sub_BYN": null, "forecast_total_currency": "BYN", "forecast_total": null, "economy_total_currency": "BYN", "economy_total": null, "fact_total_currency": "BYN", "fact_total": null, "economy_contract_result_currency": "BYN", "economy_contract_result": null, "total_sum_unsigned_contracts_currency": "BYN", "total_sum_unsigned_contracts": null, "economy_total_absolute_currency": "BYN", "economy_total_absolute": null}}, {"model": "planes.sumsbyn", "pk": 63, "fields": {"contract": 5, "year": "", "period": "jul", "plan_sum_SAP_currency": "BYN", "plan_sum_SAP": null, "contract_sum_without_NDS_BYN_currency": "BYN", "contract_sum_without_NDS_BYN": "0.00", "contract_sum_with_NDS_BYN_currency": "BYN", "contract_sum_with_NDS_BYN": null, "contract_total_sum_with_sub_BYN_currency": "BYN", "contract_total_sum_with_sub_BYN": null, "forecast_total_currency": "BYN", "forecast_total": null, "economy_total_currency": "BYN", "economy_total": null, "fact_total_currency": "BYN", "fact_total": null, "economy_contract_result_currency": "BYN", "economy_contract_result": null, "total_sum_unsigned_contracts_currency": "BYN", "total_sum_unsigned_contracts": null, "economy_total_absolute_currency": "BYN", "economy_total_absolute": null}}, {"model": "planes.sumsbyn", "pk": 64, "fields": {"contract": 5, "year": "", "period": "aug", "plan_sum_SAP_currency": "BYN", "plan_sum_SAP": null, "contract_sum_without_NDS_BYN_currency": "BYN", "contract_sum_without_NDS_BYN": "0.00", "contract_sum_with_NDS_BYN_currency": "BYN", "contract_sum_with_NDS_BYN": null, "contract_total_sum_with_sub_BYN_currency": "BYN", "contract_total_sum_with_sub_BYN": null, "forecast_total_currency": "BYN", "forecast_total": null, "economy_total_currency": "BYN", "economy_total": null, "fact_total_currency": "BYN", "fact_total": null, "economy_contract_result_currency": "BYN", "economy_contract_result": null, "total_sum_unsigned_contracts_currency": "BYN", "total_sum_unsigned_contracts": null, "economy_total_absolute_currency": "BYN", "economy_total_absolute": null}}, {"model": "planes.sumsbyn", "pk": 65, "fields": {"contract": 5, "year": "", "period": "sep", "plan_sum_SAP_currency": "BYN", "plan_sum_SAP": null, "contract_sum_without_NDS_BYN_currency": "BYN", "contract_sum_without_NDS_BYN": "0.00", "contract_sum_with_NDS_BYN_currency": "BYN", "contract_sum_with_NDS_BYN": null, "contract_total_sum_with_sub_BYN_currency": "BYN", "contract_total_sum_with_sub_BYN": null, "forecast_total_currency": "BYN", "forecast_total": null, "economy_total_currency": "BYN", "economy_total": null, "fact_total_currency": "BYN", "fact_total": null, "economy_contract_result_currency": "BYN", "economy_contract_result": null, "total_sum_unsigned_contracts_currency": "BYN", "total_sum_unsigned_contracts": null, "economy_total_absolute_currency": "BYN", "economy_total_absolute": null}}, {"model": "planes.sumsbyn", "pk": 66, "fields": {"contract": 5, "year": "", "period": "oct", "plan_sum_SAP_currency": "BYN", "plan_sum_SAP": null, "contract_sum_without_NDS_BYN_currency": "BYN", "contract_sum_without_NDS_BYN": "0.00", "contract_sum_with_NDS_BYN_currency": "BYN", "contract_sum_with_NDS_BYN": null, "contract_total_sum_with_sub_BYN_currency": "BYN", "contract_total_sum_with_sub_BYN": null, "forecast_total_currency": "BYN", "forecast_total": null, "economy_total_currency": "BYN", "economy_total": null, "fact_total_currency": "BYN", "fact_total": null, "economy_contract_result_currency": "BYN", "economy_contract_result": null, "total_sum_unsigned_contracts_currency": "BYN", "total_sum_unsigned_contracts": null, "economy_total_absolute_currency": "BYN", "economy_total_absolute": null}}, {"model": "planes.sumsbyn", "pk": 67, "fields": {"contract": 5, "year": "", "period": "nov", "plan_sum_SAP_currency": "BYN", "plan_sum_SAP": null, "contract_sum_without_NDS_BYN_currency": "BYN", "contract_sum_without_NDS_BYN": "0.00", "contract_sum_with_NDS_BYN_currency": "BYN", "contract_sum_with_NDS_BYN": null, "contract_total_sum_with_sub_BYN_currency": "BYN", "contract_total_sum_with_sub_BYN": null, "forecast_total_currency": "BYN", "forecast_total": null, "economy_total_currency": "BYN", "economy_total": null, "fact_total_currency": "BYN", "fact_total": null, "economy_contract_result_currency": "BYN", "economy_contract_result": null, "total_sum_unsigned_contracts_currency": "BYN", "total_sum_unsigned_contracts": null, "economy_total_absolute_currency": "BYN", "economy_total_absolute": null}}, {"model": "planes.sumsbyn", "pk": 68, "fields": {"contract": 5, "year": "", "period": "dec", "plan_sum_SAP_currency": "BYN", "plan_sum_SAP": null, "contract_sum_without_NDS_BYN_currency": "BYN", "contract_sum_without_NDS_BYN": "0.00", "contract_sum_with_NDS_BYN_currency": "BYN", "contract_sum_with_NDS_BYN": null, "contract_total_sum_with_sub_BYN_currency": "BYN", "contract_total_sum_with_sub_BYN": null, "forecast_total_currency": "BYN", "forecast_total": null, "economy_total_currency": "BYN", "economy_total": null, "fact_total_currency": "BYN", "fact_total": null, "economy_contract_result_currency": "BYN", "economy_contract_result": null, "total_sum_unsigned_contracts_currency": "BYN", "total_sum_unsigned_contracts": null, "economy_total_absolute_currency": "BYN", "economy_total_absolute": null}}, {"model": "planes.planning", "pk": 1, "fields": {"FinanceCosts": 1, "curator": 15, "year": "2020", "q_1": "0.00", "q_2": "0.00", "q_3": "0.00", "q_4": "0.00", "q_all": "0.00"}}, {"model": "planes.planning", "pk": 2, "fields": {"FinanceCosts": 2, "curator": 15, "year": "2020", "q_1": "0.00", "q_2": "0.00", "q_3": "0.00", "q_4": "0.00", "q_all": "0.00"}}, {"model": "planes.planning", "pk": 3, "fields": {"FinanceCosts": 3, "curator": 15, "year": "2020", "q_1": "0.00", "q_2": "0.00", "q_3": "0.00", "q_4": "0.00", "q_all": "0.00"}}, {"model": "planes.planning", "pk": 4, "fields": {"FinanceCosts": 4, "curator": 15, "year": "2020", "q_1": "0.00", "q_2": "0.00", "q_3": "0.00", "q_4": "0.00", "q_all": "0.00"}}, {"model": "planes.planning", "pk": 5, "fields": {"FinanceCosts": 5, "curator": 15, "year": "2020", "q_1": "0.00", "q_2": "0.00", "q_3": "0.00", "q_4": "0.00", "q_all": "0.00"}}, {"model": "auth.group", "pk": 2, "fields": {"name": "economists", "permissions": []}}, {"model": "auth.group", "pk": 3, "fields": {"name": "curators", "permissions": []}}, {"model": "auth.group", "pk": 4, "fields": {"name": "lawyers", "permissions": []}}, {"model": "auth.group", "pk": 5, "fields": {"name": "users", "permissions": []}}, {"model": "auth.group", "pk": 6, "fields": {"name": "asez", "permissions": []}}, {"model": "auth.user", "pk": 1, "fields": {"password": "pbkdf2_sha256$180000$WNvK00QoveAG$F6UU1KJpmwe60hWmABYBAQZUMBIZeJ5KBE4dSruiXag=", "last_login": "2020-06-06T10:37:00.210Z", "is_superuser": true, "username": "admin", "first_name": "", "last_name": "", "email": "", "is_staff": true, "is_active": true, "date_joined": "2020-05-17T09:14:57Z", "groups": [], "user_permissions": [81, 82, 83, 84, 89, 90, 91, 92, 85, 86, 87, 88, 93, 94, 95, 96, 97, 98, 99, 100, 1, 2, 3, 4, 5, 6, 7, 8, 9, 10, 11, 12, 69, 70, 71, 72, 65, 66, 67, 68, 13, 14, 15, 16, 17, 18, 19, 20, 21, 22, 23, 24, 25, 26, 27, 28, 29, 30, 31, 32, 61, 62, 63, 64, 33, 34, 35, 36, 37, 38, 39, 40, 77, 78, 79, 80, 41, 42, 43, 44, 45, 46, 47, 48, 73, 74, 75, 76, 57, 58, 59, 60, 53, 54, 55, 56, 49, 50, 51, 52, 101, 102, 103, 104]}}, {"model": "auth.user", "pk": 2, "fields": {"password": "pbkdf2_sha256$180000$9PzzMaCPyNG2$fMPN6VF7HZwnzV5Zd9xQkCYZfpwqNIeV0gryaaJ8tQc=", "last_login": "2020-06-06T08:10:23Z", "is_superuser": false, "username": "user_economist", "first_name": "", "last_name": "", "email": "", "is_staff": true, "is_active": true, "date_joined": "2020-06-06T08:10:03Z", "groups": [2], "user_permissions": [89, 86]}}, {"model": "auth.user", "pk": 3, "fields": {"password": "pbkdf2_sha256$180000$mSkUbrlz3m15$lnfht9Td0m2DJ9Z+a9ajNaw2e/B6UKcO2bUVk6NFGdY=", "last_login": null, "is_superuser": false, "username": "user_asez", "first_name": "", "last_name": "", "email": "", "is_staff": false, "is_active": true, "date_joined": "2020-06-06T11:14:23Z", "groups": [6], "user_permissions": []}}, {"model": "auth.user", "pk": 4, "fields": {"password": "pbkdf2_sha256$180000$xA8UOFhbo5H5$6g4u/z0DknAGCvNhJMHOYdaBzUY7SwhvzWU/38ISDxg=", "last_login": null, "is_superuser": false, "username": "user_lawyer", "first_name": "", "last_name": "", "email": "", "is_staff": false, "is_active": true, "date_joined": "2020-06-06T11:14:54Z", "groups": [4], "user_permissions": []}}, {"model": "sessions.session", "pk": "3t4bgkd0mtq3ew5p2955ky1zq45fjovn", "fields": {"session_data": "Mjg1M2FjZDE0YzA2MGY0YzEzOGIzNTEyYTIzYzYzMWYwZjJhN2MwNzp7Il9hdXRoX3VzZXJfaWQiOiIxIiwiX2F1dGhfdXNlcl9iYWNrZW5kIjoiZGphbmdvLmNvbnRyaWIuYXV0aC5iYWNrZW5kcy5Nb2RlbEJhY2tlbmQiLCJfYXV0aF91c2VyX2hhc2giOiIwOGNiMTUxZTdkOWVjMWRkYjBhZWVlODljNjU0NmY4YTIzNmZkZGFiIn0=", "expire_date": "2020-05-31T09:15:11.436Z"}}, {"model": "sessions.session", "pk": "6ez7wsaw9qlp8jqztyget8y45jhl7hzy", "fields": {"session_data": "Mjg1M2FjZDE0YzA2MGY0YzEzOGIzNTEyYTIzYzYzMWYwZjJhN2MwNzp7Il9hdXRoX3VzZXJfaWQiOiIxIiwiX2F1dGhfdXNlcl9iYWNrZW5kIjoiZGphbmdvLmNvbnRyaWIuYXV0aC5iYWNrZW5kcy5Nb2RlbEJhY2tlbmQiLCJfYXV0aF91c2VyX2hhc2giOiIwOGNiMTUxZTdkOWVjMWRkYjBhZWVlODljNjU0NmY4YTIzNmZkZGFiIn0=", "expire_date": "2020-06-20T10:37:00.216Z"}}, {"model": "sessions.session", "pk": "rhwpizwm500ofoes6sv9gn9724pvt1nw", "fields": {"session_data": "Mjc3ZWI0M2ExOTg1ZGE3NDA0NGUwYmRhMzhkMThlZWQxMjkzOTFmOTp7Il9hdXRoX3VzZXJfaWQiOiIyIiwiX2F1dGhfdXNlcl9iYWNrZW5kIjoiZGphbmdvLmNvbnRyaWIuYXV0aC5iYWNrZW5kcy5Nb2RlbEJhY2tlbmQiLCJfYXV0aF91c2VyX2hhc2giOiI3NmU5MTBhOWI0NjU0MGIzMjc3YWNmNTY1ODQ0ZThiMzMyNjEzYTYxIn0=", "expire_date": "2020-06-20T08:10:23.463Z"}}, {"model": "admin.logentry", "pk": 1, "fields": {"action_time": "2020-05-23T11:43:39.277Z", "user": 1, "content_type": 19, "object_id": "1", "object_repr": "\u041f\u043e\u043a\u0430\u0437\u0430\u0442\u0435\u043b\u0438 \u0434\u043e\u0433\u043e\u0432\u043e\u0440\u0430 \u0414\u043e\u0433\u043e\u0432\u043e\u0440 werqr, \u043a\u0443\u0440\u0430\u0442\u043e\u0440 \u0410\u0422\u0426, \u0441\u0442. \u0444\u0438\u043d \u0414\u041e \u0432 \u0431\u0435\u043b\u043e\u0440\u0443\u0441\u0441\u043a\u0438\u0445 \u0440\u0443\u0431\u043b\u044f\u0445 \u0437\u0430 2020 \u0433\u043e\u0434 2quart", "action_flag": 3, "change_message": ""}}, {"model": "admin.logentry", "pk": 2, "fields": {"action_time": "2020-05-23T11:43:57.532Z", "user": 1, "content_type": 2, "object_id": "1", "object_repr": "\u0414\u043e\u0433\u043e\u0432\u043e\u0440 werqr, \u043a\u0443\u0440\u0430\u0442\u043e\u0440 \u0410\u0422\u0426, \u0441\u0442. \u0444\u0438\u043d \u0414\u041e", "action_flag": 3, "change_message": ""}}, {"model": "admin.logentry", "pk": 3, "fields": {"action_time": "2020-05-23T11:45:02.566Z", "user": 1, "content_type": 19, "object_id": "2", "object_repr": "\u041f\u043e\u043a\u0430\u0437\u0430\u0442\u0435\u043b\u0438 \u0434\u043e\u0433\u043e\u0432\u043e\u0440\u0430 \u0414\u043e\u0433\u043e\u0432\u043e\u0440 4123, \u043a\u0443\u0440\u0430\u0442\u043e\u0440 \u0410\u0421\u0423, \u0441\u0442. \u0444\u0438\u043d \u0422\u041e\u0438\u0422\u0420 \u0432 \u0431\u0435\u043b\u043e\u0440\u0443\u0441\u0441\u043a\u0438\u0445 \u0440\u0443\u0431\u043b\u044f\u0445 \u0437\u0430 2020 \u0433\u043e\u0434 1quart", "action_flag": 2, "change_message": "[{\"changed\": {\"fields\": [\"\\u041f\\u0435\\u0440\\u0438\\u043e\\u0434\"]}}]"}}, {"model": "admin.logentry", "pk": 4, "fields": {"action_time": "2020-05-23T11:45:13.475Z", "user": 1, "content_type": 19, "object_id": "3", "object_repr": "\u041f\u043e\u043a\u0430\u0437\u0430\u0442\u0435\u043b\u0438 \u0434\u043e\u0433\u043e\u0432\u043e\u0440\u0430 \u0414\u043e\u0433\u043e\u0432\u043e\u0440 4123, \u043a\u0443\u0440\u0430\u0442\u043e\u0440 \u0410\u0421\u0423, \u0441\u0442. \u0444\u0438\u043d \u0422\u041e\u0438\u0422\u0420 \u0432 \u0431\u0435\u043b\u043e\u0440\u0443\u0441\u0441\u043a\u0438\u0445 \u0440\u0443\u0431\u043b\u044f\u0445 \u0437\u0430 2020 \u0433\u043e\u0434 2quart", "action_flag": 1, "change_message": "[{\"added\": {}}]"}}, {"model": "admin.logentry", "pk": 5, "fields": {"action_time": "2020-05-23T11:45:25.605Z", "user": 1, "content_type": 19, "object_id": "4", "object_repr": "\u041f\u043e\u043a\u0430\u0437\u0430\u0442\u0435\u043b\u0438 \u0434\u043e\u0433\u043e\u0432\u043e\u0440\u0430 \u0414\u043e\u0433\u043e\u0432\u043e\u0440 4123, \u043a\u0443\u0440\u0430\u0442\u043e\u0440 \u0410\u0421\u0423, \u0441\u0442. \u0444\u0438\u043d \u0422\u041e\u0438\u0422\u0420 \u0432 \u0431\u0435\u043b\u043e\u0440\u0443\u0441\u0441\u043a\u0438\u0445 \u0440\u0443\u0431\u043b\u044f\u0445 \u0437\u0430 2020 \u0433\u043e\u0434 3quart", "action_flag": 1, "change_message": "[{\"added\": {}}]"}}, {"model": "admin.logentry", "pk": 6, "fields": {"action_time": "2020-05-23T11:45:36.516Z", "user": 1, "content_type": 19, "object_id": "5", "object_repr": "\u041f\u043e\u043a\u0430\u0437\u0430\u0442\u0435\u043b\u0438 \u0434\u043e\u0433\u043e\u0432\u043e\u0440\u0430 \u0414\u043e\u0433\u043e\u0432\u043e\u0440 4123, \u043a\u0443\u0440\u0430\u0442\u043e\u0440 \u0410\u0421\u0423, \u0441\u0442. \u0444\u0438\u043d \u0422\u041e\u0438\u0422\u0420 \u0432 \u0431\u0435\u043b\u043e\u0440\u0443\u0441\u0441\u043a\u0438\u0445 \u0440\u0443\u0431\u043b\u044f\u0445 \u0437\u0430 2020 \u0433\u043e\u0434 4quart", "action_flag": 1, "change_message": "[{\"added\": {}}]"}}, {"model": "admin.logentry", "pk": 7, "fields": {"action_time": "2020-05-30T07:13:16.617Z", "user": 1, "content_type": 2, "object_id": "2", "object_repr": "\u0414\u043e\u0433\u043e\u0432\u043e\u0440 4123, \u043a\u0443\u0440\u0430\u0442\u043e\u0440 \u0410\u0421\u0423, \u0441\u0442. \u0444\u0438\u043d \u0422\u041e\u0438\u0422\u0420", "action_flag": 3, "change_message": ""}}, {"model": "admin.logentry", "pk": 8, "fields": {"action_time": "2020-05-30T08:45:53.076Z", "user": 1, "content_type": 2, "object_id": "4", "object_repr": "\u0414\u043e\u0433\u043e\u0432\u043e\u0440 21, \u043a\u0443\u0440\u0430\u0442\u043e\u0440 \u0410\u0421\u0423, \u0441\u0442. \u0444\u0438\u043d \u0422\u041e\u0438\u0422\u0420", "action_flag": 3, "change_message": ""}}, {"model": "admin.logentry", "pk": 9, "fields": {"action_time": "2020-05-30T08:52:40.691Z", "user": 1, "content_type": 2, "object_id": "3", "object_repr": "\u0414\u043e\u0433\u043e\u0432\u043e\u0440 dfsa-1, \u043a\u0443\u0440\u0430\u0442\u043e\u0440 \u0410\u0421\u0423, \u0441\u0442. \u0444\u0438\u043d \u0414\u041e", "action_flag": 2, "change_message": "[{\"changed\": {\"fields\": [\"\\u0414\\u0435\\u0439\\u0441\\u0442\\u0432\\u0443\\u044e\\u0449\\u0438\\u0439/\\u0423\\u0434\\u0430\\u043b\\u0435\\u043d\\u043d\\u044b\\u0439 \\u0434\\u043e\\u0433\\u043e\\u0432\\u043e\\u0440\"]}}]"}}, {"model": "admin.logentry", "pk": 10, "fields": {"action_time": "2020-05-30T11:44:40.977Z", "user": 1, "content_type": 14, "object_id": "1", "object_repr": "\u0416\u0443\u0440\u043d\u0430\u043b \u0434\u0435\u0439\u0441\u0442\u0432\u0438\u0439 \u043f\u043e\u043b\u044c\u0437\u043e\u0432\u0430\u0442\u0435\u043b\u044f: admin", "action_flag": 1, "change_message": "[{\"added\": {}}]"}}, {"model": "admin.logentry", "pk": 11, "fields": {"action_time": "2020-06-06T08:10:03.191Z", "user": 1, "content_type": 24, "object_id": "2", "object_repr": "user1", "action_flag": 1, "change_message": "[{\"added\": {}}]"}}, {"model": "admin.logentry", "pk": 12, "fields": {"action_time": "2020-06-06T08:15:18.130Z", "user": 1, "content_type": 24, "object_id": "1", "object_repr": "admin", "action_flag": 2, "change_message": "[{\"changed\": {\"fields\": [\"User permissions\"]}}]"}}, {"model": "admin.logentry", "pk": 13, "fields": {"action_time": "2020-06-06T08:17:04.805Z", "user": 1, "content_type": 24, "object_id": "1", "object_repr": "admin", "action_flag": 2, "change_message": "[]"}}, {"model": "admin.logentry", "pk": 14, "fields": {"action_time": "2020-06-06T08:17:11.715Z", "user": 1, "content_type": 24, "object_id": "1", "object_repr": "admin", "action_flag": 2, "change_message": "[]"}}, {"model": "admin.logentry", "pk": 15, "fields": {"action_time": "2020-06-06T08:17:19.896Z", "user": 1, "content_type": 24, "object_id": "2", "object_repr": "user1", "action_flag": 2, "change_message": "[{\"changed\": {\"fields\": [\"User permissions\"]}}]"}}, {"model": "admin.logentry", "pk": 16, "fields": {"action_time": "2020-06-06T08:19:13.830Z", "user": 1, "content_type": 23, "object_id": "1", "object_repr": "test_group", "action_flag": 1, "change_message": "[{\"added\": {}}]"}}, {"model": "admin.logentry", "pk": 17, "fields": {"action_time": "2020-06-06T08:19:24.080Z", "user": 1, "content_type": 24, "object_id": "2", "object_repr": "user1", "action_flag": 2, "change_message": "[{\"changed\": {\"fields\": [\"Groups\"]}}]"}}, {"model": "admin.logentry", "pk": 18, "fields": {"action_time": "2020-06-06T08:20:16.745Z", "user": 1, "content_type": 24, "object_id": "2", "object_repr": "user1", "action_flag": 2, "change_message": "[{\"changed\": {\"fields\": [\"Staff status\"]}}]"}}, {"model": "admin.logentry", "pk": 19, "fields": {"action_time": "2020-06-06T09:10:04.587Z", "user": 1, "content_type": 24, "object_id": "1", "object_repr": "admin", "action_flag": 2, "change_message": "[{\"changed\": {\"fields\": [\"Groups\"]}}]"}}, {"model": "admin.logentry", "pk": 20, "fields": {"action_time": "2020-06-06T09:20:58.468Z", "user": 1, "content_type": 24, "object_id": "2", "object_repr": "user1", "action_flag": 2, "change_message": "[{\"changed\": {\"fields\": [\"Groups\"]}}]"}}, {"model": "admin.logentry", "pk": 21, "fields": {"action_time": "2020-06-06T09:37:34.442Z", "user": 1, "content_type": 23, "object_id": "2", "object_repr": "economists", "action_flag": 1, "change_message": "[{\"added\": {}}]"}}, {"model": "admin.logentry", "pk": 22, "fields": {"action_time": "2020-06-06T09:37:45.165Z", "user": 1, "content_type": 23, "object_id": "3", "object_repr": "curators", "action_flag": 1, "change_message": "[{\"added\": {}}]"}}, {"model": "admin.logentry", "pk": 23, "fields": {"action_time": "2020-06-06T09:37:55.641Z", "user": 1, "content_type": 23, "object_id": "4", "object_repr": "lawyers", "action_flag": 1, "change_message": "[{\"added\": {}}]"}}, {"model": "admin.logentry", "pk": 24, "fields": {"action_time": "2020-06-06T09:38:03.168Z", "user": 1, "content_type": 23, "object_id": "5", "object_repr": "users", "action_flag": 1, "change_message": "[{\"added\": {}}]"}}, {"model": "admin.logentry", "pk": 25, "fields": {"action_time": "2020-06-06T09:38:09.771Z", "user": 1, "content_type": 23, "object_id": "1", "object_repr": "test_group", "action_flag": 3, "change_message": ""}}, {"model": "admin.logentry", "pk": 26, "fields": {"action_time": "2020-06-06T09:51:07.720Z", "user": 1, "content_type": 24, "object_id": "2", "object_repr": "user1", "action_flag": 2, "change_message": "[{\"changed\": {\"fields\": [\"Groups\"]}}]"}}, {"model": "admin.logentry", "pk": 27, "fields": {"action_time": "2020-06-06T10:00:38.351Z", "user": 1, "content_type": 24, "object_id": "2", "object_repr": "user1", "action_flag": 2, "change_message": "[{\"changed\": {\"fields\": [\"Groups\"]}}]"}}, {"model": "admin.logentry", "pk": 28, "fields": {"action_time": "2020-06-06T10:25:21.342Z", "user": 1, "content_type": 24, "object_id": "2", "object_repr": "user1", "action_flag": 2, "change_message": "[{\"changed\": {\"fields\": [\"Groups\"]}}]"}}, {"model": "admin.logentry", "pk": 29, "fields": {"action_time": "2020-06-06T10:27:58.605Z", "user": 1, "content_type": 23, "object_id": "6", "object_repr": "asez", "action_flag": 1, "change_message": "[{\"added\": {}}]"}}, {"model": "admin.logentry", "pk": 30, "fields": {"action_time": "2020-06-06T11:14:02.406Z", "user": 1, "content_type": 24, "object_id": "2", "object_repr": "user_economist", "action_flag": 2, "change_message": "[{\"changed\": {\"fields\": [\"Username\"]}}]"}}, {"model": "admin.logentry", "pk": 31, "fields": {"action_time": "2020-06-06T11:14:23.709Z", "user": 1, "content_type": 24, "object_id": "3", "object_repr": "user_", "action_flag": 1, "change_message": "[{\"added\": {}}]"}}, {"model": "admin.logentry", "pk": 32, "fields": {"action_time": "2020-06-06T11:14:45.858Z", "user": 1, "content_type": 24, "object_id": "3", "object_repr": "user_asez", "action_flag": 2, "change_message": "[{\"changed\": {\"fields\": [\"Username\", \"Groups\"]}}]"}}, {"model": "admin.logentry", "pk": 33, "fields": {"action_time": "2020-06-06T11:14:54.591Z", "user": 1, "content_type": 24, "object_id": "4", "object_repr": "user_", "action_flag": 1, "change_message": "[{\"added\": {}}]"}}, {"model": "admin.logentry", "pk": 34, "fields": {"action_time": "2020-06-06T11:15:07.750Z", "user": 1, "content_type": 24, "object_id": "4", "object_repr": "user_lawyer", "action_flag": 2, "change_message": "[{\"changed\": {\"fields\": [\"Username\", \"Groups\"]}}]"}}, {"model": "admin.logentry", "pk": 35, "fields": {"action_time": "2020-06-06T11:15:26.725Z", "user": 1, "content_type": 7, "object_id": "15", "object_repr": "ALL", "action_flag": 1, "change_message": "[{\"added\": {}}]"}}, {"model": "planes.useractivityjournal", "pk": 1, "fields": {"user": 1, "date_time_of_activity": "2020-05-30T11:44:40.976Z", "activity": "324", "clicks": 0, "activity_system_module": "4321"}}]